{
  "format_version": "1.20.80",
  "minecraft:item": {
    "description": {
      "identifier": "poke:radium_battleaxe",
      "menu_category": {
        "category": "equipment",
        "group": "itemGroup.name.sword"
      }
    },
    "components": {
      "minecraft:icon":"poke_radium_battleaxe",
      "minecraft:max_stack_size": 1,
      "minecraft:hand_equipped": true,
      "minecraft:durability": {
        "max_durability": 2250,"damage_chance": {"max": 100,"min": 60}
      },
      "minecraft:damage": 20,
      "minecraft:enchantable": {
        "value": 40,
        "slot": "sword"
      },"minecraft:hover_text_color":"green",
      "minecraft:can_destroy_in_creative": false,
      "minecraft:repairable": {
        "repair_items": [
          {
            "items": [
              "poke:repair_core"
            ],
            "repair_amount": "query.max_durability"
          },
          {
            "items": [
              "poke:radium_ingot"
            ],
            "repair_amount": "query.max_durability*0.25"
          },
          {
            "items": [
              "poke:radium_nugget"
            ],
            "repair_amount": "query.max_durability*0.028"
          }
        ]
      },
      "minecraft:cooldown": {
        "category": "poke:axe_use",
        "duration": 2.25
      },
			"minecraft:tags": {"tags": [
				"function pfe_items/battleaxe/radium"
			]},
			"minecraft:custom_components": [
				"poke:cc_on_use"
			]
    }
  }
}