{
	"format_version": "1.20.60",
	"minecraft:item": {
		"description": {
			"identifier": "poke:banished_leggings",
			"menu_category": {
				"category": "equipment",
				"group": "itemGroup.name.leggings"
			}
		},
		"components": {
			"minecraft:max_stack_size": 1,
			"minecraft:enchantable": {
				"value": 90,
				"slot": "armor_legs"
			},
			"minecraft:icon": { 
				"textures": { 
				  "default": "banished_leggings" } 
			  }, 
			"minecraft:wearable": {
				"slot": "slot.armor.legs",
				"protection": 25
			}, 
			"minecraft:tags": { 
			  "tags": [ 
				"minecraft:is_armor", 
				"minecraft:trimmable_armors" 
			  ] 
			} 
		  } 
		} 
	  }