{
	"format_version": "1.20.80",
	"minecraft:block": {
		"description": {
			"identifier": "poke:cut_demonic_slab",
			"menu_category": {"category": "construction","group": "itemGroup.name.slab"},
			"traits": {"minecraft:placement_position": {"enabled_states": ["minecraft:vertical_half"]}},
			"states": {"poke:double": [false, true]}
		},
		"permutations": [
			// Bottom Slab
			{
				"condition": "q.block_state('minecraft:vertical_half') == 'bottom' && !q.block_state('poke:double')",
				"components": {
					"minecraft:collision_box": {"origin": [-8, 0, -8],"size": [16, 8, 16]},
					"minecraft:geometry": {
						"identifier": "geometry.poke_slab",
						"bone_visibility": {"bottom_slab": "q.block_state('minecraft:vertical_half') == 'bottom'","top_slab": "q.block_state('minecraft:vertical_half') == 'top'"}
					},
					"minecraft:selection_box": {"origin": [-8, 0, -8],"size": [16, 8, 16]},
					"minecraft:material_instances": {
						"*": {
							"texture": "poke_cut_demonic"
						}
					}
				}
			},
			// Top Slab
			{
				"condition": "q.block_state('minecraft:vertical_half') == 'top' && !q.block_state('poke:double')",
				"components": {
					"minecraft:collision_box": {
						"origin": [-8, 8, -8],
						"size": [16, 8, 16]
					},
					"minecraft:geometry": {
						"identifier": "geometry.poke_slab",
						"bone_visibility": {"bottom_slab": "q.block_state('minecraft:vertical_half') == 'bottom'","top_slab": "q.block_state('minecraft:vertical_half') == 'top'"}
					},
					"minecraft:selection_box": {"origin": [-8, 8, -8],"size": [16, 8, 16]},
					"minecraft:material_instances": {
						"*": {
							"texture": "poke_cut_demonic"
						}
					}
				}
			}
		],
		"components": {
			"minecraft:destructible_by_mining": {"seconds_to_destroy": 7},
			"minecraft:destructible_by_explosion": {"explosion_resistance": 6},
			"minecraft:map_color": "#1a37bb",
			"minecraft:custom_components":[
				"poke:slabs"
			],
			"tag:pfe": {}
		}
	}
}