{
  "format_version": "1.20.80",
  "minecraft:item": {
    "description": {
      "identifier": "poke:stone_battleaxe",
      "menu_category": {
        "category": "equipment",
        "group": "itemGroup.name.sword"
      }
    },
    "components": {
      "minecraft:icon":"poke_stone_battleaxe",
      "minecraft:max_stack_size": 1,
      "minecraft:hand_equipped": true,
      "minecraft:durability": {
        "max_durability": 128,"damage_chance": {"max": 100,"min": 60}
      },
      "minecraft:damage": {"value": 5},
      "minecraft:enchantable": {
        "value": 10,
        "slot": "sword"
      },
      "minecraft:can_destroy_in_creative": false,
      "minecraft:repairable": {
        "repair_items": [
          {
            "items": [
              "poke:repair_core"
            ],
            "repair_amount": "query.max_durability"
          },
          {
            "items": [
              "stone"
            ],
            "repair_amount": "query.max_durability*0.25"
          },
          {
            "items": [
              "cobblestone"
            ],
            "repair_amount": "query.max_durability*0.15"
          }
        ]
      },
      "minecraft:cooldown": {
        "category": "poke:axe_use",
        "duration": 3
      },
      "minecraft:tags": {"tags": [
				"function pfe_items/battleaxe/stone"
			]},
			"minecraft:custom_components": [
				"poke:cc_on_use"
			]
    }
  }
}