{
	"format_version": "1.20.80",
	"minecraft:item": {
		"description": {
			"identifier": "poke:emerald_battleaxe",
			"menu_category": {
				"category": "equipment",
				"group": "itemGroup.name.sword"
			}
		},
		"components": {
			"minecraft:max_stack_size": 1,
			"minecraft:hand_equipped": true,
			"minecraft:durability": {
				"max_durability": 3500,"damage_chance": {"max": 100,"min": 60}
			},
			"minecraft:damage": 9,
			"minecraft:icon":"poke_emerald_battleaxe",
			"minecraft:enchantable": {
				"value": 35,
				"slot": "sword"
			},
			"minecraft:can_destroy_in_creative": false,
			"minecraft:digger": {
				"use_efficiency": true,
				"destroy_speeds": [
					{
						"block": "minecraft:web",
						"speed": 12
					},
					{
						"block": "minecraft:bamboo",
						"speed": 8
					},
					{
						"block": "log",
						"speed": 6
					},
					{
						"block": "log2",
						"speed": 6
					},
					{
						"block": "mangrove_log",
						"speed": 6
					},
					{
						"block": "minecraft:crimson_stem",
						"speed": 6
					},
					{
						"block": "warped_stem",
						"speed": 6
					},
					{
						"block": "minecraft:chest",
						"speed": 6
					},
					{
						"block": "minecraft:melon_block",
						"speed": 6
					}
				]
			},
			"minecraft:repairable": {
				"repair_items": [
					{
						"items": [
							"poke:repair_core"
						],
						"repair_amount": "query.max_durability"
					},
					{
						"items": [
							"emerald"
						],
						"repair_amount": 50
					}
				]
			},
			"minecraft:cooldown": {
				"category": "poke:axe_use",
				"duration": 2.5
			},
			"minecraft:tags": {"tags": [
				"function pfe_items/battleaxe/emerald"
			]},
			"minecraft:custom_components": [
				"poke:cc_on_use"
			]
		}
	}
}