{
	"format_version": "1.20.80",
	"minecraft:item": {
		"description": {
			"identifier": "poke:diamond_battleaxe",
			"menu_category": {
				"category": "equipment",
				"group": "itemGroup.name.sword"
			}
		},
		"components": {
			"minecraft:icon":"poke_diamond_battleaxe",
			"minecraft:max_stack_size": 1,
			"minecraft:hand_equipped": true,
			"minecraft:durability": {
				"max_durability": 3000,"damage_chance": {"max": 100,"min": 60}
			},
			"minecraft:damage": 12,
			"minecraft:enchantable": {
				"value": 27,
				"slot": "sword"
			},
			"minecraft:can_destroy_in_creative": false,
			"minecraft:repairable": {
				"repair_items": [
					{
						"items": [
							"poke:repair_core"
						],
						"repair_amount": "query.max_durability"
					},
					{
						"items": [
							"diamond"
						],
						"repair_amount": 100
					}
				]
			},
			"minecraft:cooldown": {
				"category": "poke:axe_use",
				"duration": 2.5
			},
			"minecraft:tags": {"tags": [
				"function pfe_items/battleaxe/diamond"
			]},
			"minecraft:custom_components": [
				"poke:cc_on_use"
			]
		}
	}
}