{
	"format_version": "1.20.80",
	"minecraft:block": {
		"description": {
			"identifier": "poke:turnip_crop",
			"menu_category": {
				"category": "nature",
				"group": "itemGroup.name.crop"
			},
			"states": {
				"poke:growth_stage":[1, 2, 3, 4, 5, 6]
			}
		},
		"permutations": [
			{
				"condition": "q.block_state('poke:growth_stage') == 1",
				"components": {
					"minecraft:selection_box": {
						"origin": [-8, 0, -8],
						"size": [16, 3, 16]
					},
					"minecraft:loot": "loot_tables/poke/blocks/turnip_crop_unfin.json",
					"minecraft:material_instances": {
						"*": {
							"texture": "poke_turnip_1",
							"render_method": "alpha_test",
							"ambient_occlusion": false,
							"face_dimming": false
						}
					}
				}
			},
			{
				"condition": "q.block_state('poke:growth_stage') == 2",
				"components": {
					"minecraft:selection_box": {
						"origin": [-8, 0, -8],
						"size": [16, 3, 16]
					},
					"minecraft:loot": "loot_tables/poke/blocks/turnip_crop_unfin.json",
					"minecraft:material_instances": {
						"*": {
							"texture": "poke_turnip_1",
							"render_method": "alpha_test",
							"ambient_occlusion": false,
							"face_dimming": false
						}
					}
				}
			},
			{
				"condition": "q.block_state('poke:growth_stage') == 3",
				"components": {
					"minecraft:selection_box": {
						"origin": [-8, 0, -8],
						"size": [16, 5, 16]
					},
					"minecraft:loot": "loot_tables/poke/blocks/turnip_crop_unfin.json",
					"minecraft:material_instances": {
						"*": {
							"texture": "poke_turnip_2",
							"render_method": "alpha_test",
							"ambient_occlusion": false,
							"face_dimming": false
						}
					}
				}
			},
			{
				"condition": "q.block_state('poke:growth_stage') == 4",
				"components": {
					"minecraft:selection_box": {
						"origin": [-8, 0, -8],
						"size": [16, 5, 16]
					},
					"minecraft:loot": "loot_tables/poke/blocks/turnip_crop_unfin.json",
					"minecraft:material_instances": {
						"*": {
							"texture": "poke_turnip_2",
							"render_method": "alpha_test",
							"ambient_occlusion": false,
							"face_dimming": false
						}
					}
				}
			},
			{
				"condition": "q.block_state('poke:growth_stage') == 5",
				"components": {
					"minecraft:selection_box": {
						"origin": [-8, 0, -8],
						"size": [16, 5, 16]
					},
					"minecraft:loot": "loot_tables/poke/blocks/turnip_crop_unfin.json",
					"minecraft:material_instances": {
						"*": {
							"texture": "poke_turnip_2",
							"render_method": "alpha_test",
							"ambient_occlusion": false,
							"face_dimming": false
						}
					}
				}
			},
			{
				"condition": "q.block_state('poke:growth_stage') == 6",
				"components": {
					"minecraft:selection_box": {
						"origin": [-8, 0, -8],
						"size": [16, 8, 16]
					},
					"minecraft:loot": "loot_tables/poke/blocks/turnip_crop.json",
					"minecraft:material_instances": {
						"*": {
							"texture": "poke_turnip_3",
							"render_method": "alpha_test",
							"ambient_occlusion": false,
							"face_dimming": false
						}
					}
				}
			}
		],
		"components": {
			"minecraft:collision_box": false,
			"minecraft:destructible_by_mining": {
				"seconds_to_destroy": 0
			},
			"minecraft:destructible_by_explosion": {
				"explosion_resistance": 0
			},
			"minecraft:geometry": "geometry.poke.charred_poppy",
			"minecraft:placement_filter":{"conditions": [{
				"allowed_faces": [
					"up"
				],
				"block_filter": [
					"farmland"
				]
			}]},
			"tag:pfe": {},
			"minecraft:light_dampening": 0,
			"minecraft:map_color": "#09a304",
			"minecraft:custom_components": [
				"poke:crops"
			]
		}
	}
}