{
	"format_version": "1.13.0",
	"minecraft:feature_rules": {
		"description": {
			"identifier": "poke:demonic_allay_dungeon",
			"places_feature": "poke:demonic_allay_dungeon"
		},
		"conditions": {
			"placement_pass": "surface_pass",
			"minecraft:biome_filter": [
				{
					"any_of": [
						{
							"test": "has_biome_tag",
							"operator": "==",
							"value": "nether"
						}
					]
				}
			]
		},
		"distribution": {
			"iterations": 1,
			"scatter_chance": "1 / 2",
			"x": {
				"distribution": "uniform",
				"extent": [
					0,
					16
				]
			},
			"y": {
				"distribution": "gaussian",
				"extent": [
					16,
					100
				]
			},
			"z": {
				"distribution": "uniform",
				"extent": [
					0,
					16
				]
			}
		}
	}
}