{
	"format_version": "1.13.0",
	"minecraft:feature_rules": {
		"description": {
			"identifier": "poke:limestone",
			"places_feature": "poke:limestone"
		},
		"conditions": {
			"placement_pass": "underground_pass",
			"minecraft:biome_filter": {
				"any_of": [
					{
						"test": "has_biome_tag",
						"operator": "==",
						"value": "overworld"
					},
					{
						"test": "has_biome_tag",
						"operator": "==",
						"value": "overworld_generation"
					}
				]
			}
		},
		"distribution": {
			"iterations": 1,
			"coordinate_eval_order": "zyx",
			"x": {
				"distribution": "uniform",
				"extent": [
					0,
					16
				]
			},
			"y": {
				"distribution": "uniform",
				"extent": [
					16,
					192
				]
			},
			"z": {
				"distribution": "uniform",
				"extent": [
					0,
					16
				]
			}
		}
	}
}