{
	"format_version": "1.13.0",
	"minecraft:feature_rules": {
		"description": {
			"identifier": "poke:overworld_underground_nether_onyx_ore",
			"places_feature": "poke:nether_onyx_ore_feature"
		},
		"conditions": {
			"placement_pass": "final_pass",
			"minecraft:biome_filter": {
				"any_of": [
					{
						"test": "has_biome_tag",
						"operator": "==",
						"value": "nether_wastes"
					},
					{
						"test": "has_biome_tag",
						"operator": "==",
						"value": "basalt_deltas"
					},
					{
						"test": "has_biome_tag",
						"operator": "==",
						"value": "soulsand_valley"
					},
					{
						"test": "has_biome_tag",
						"operator": "==",
						"value": "warped_forest"
					},
					{
						"test": "has_biome_tag",
						"operator": "==",
						"value": "crimson_forest"
					}
				]
			}
		},
		"distribution": {
			"iterations": 7,
			"x": {
				"distribution": "uniform",
				"extent": [
					0,
					16
				]
			},
			"y": {
				"distribution": "uniform",
				"extent": [
					0,
					123
				]
			},
			"z": {
				"distribution": "uniform",
				"extent": [
					0,
					16
				]
			}
		}
	}
}