{
	"format_version": "1.17.0",
	"minecraft:ore_feature": {
		"description": {
			"identifier": "poke:shade_ore_feature"
		},
		"count": 8,
		"replace_rules": [
			{
				"places_block": {
					"name": "poke:shade_ore",
					"states": {}
				},
				"may_replace": [
					{
						"name": "minecraft:stone",
						"states": {
							"stone_type": "stone"
						}
					},
					{
						"name": "minecraft:stone",
						"states": {
							"stone_type": "andesite"
						}
					},
					{
						"name": "minecraft:stone",
						"states": {
							"stone_type": "granite"
						}
					},
					{
						"name": "minecraft:stone",
						"states": {
							"stone_type": "diorite"
						}
					}
				]
			},
			{"may_replace": ["deepslate"],"places_block": "poke:deepslate_shade_ore"}
		]
	}
}