{
  "format_version": "1.20.80",
  "minecraft:block": {
    "description": {
      "identifier": "poke:end_void_ore",
      "menu_category": {
        "category": "nature",
        "group": "itemGroup.name.ore"
      }
    },
    "components": {
      "minecraft:destructible_by_mining": {
        "seconds_to_destroy": 1
      },
      "minecraft:destructible_by_explosion": {
        "explosion_resistance": 1
      },
      "minecraft:map_color": "#131313",
      "tag:pfe": {},
      "minecraft:loot": "loot_tables/poke/blocks/void_ore.json",
			"minecraft:custom_components":[
				"poke:fortune"
			]
    }/*,
    "events": {
      "tnt": {
        "randomize": [
          {
            "run_command": {
              "command": [
                "summon tnt ~~~",
                "playsound note.didgeridoo @p[r=10] ~~~"
              ]
            },
            "weight": 1
          },
          {
            "run_command": {
              "command": [
                "playsound note.chime @p[r=10]"
              ]
            },
            "weight": 100
          }
        ]
      }
    }*/
  }
}