{
	"format_version": "1.20.80",
	"minecraft:block": {
		"description": {
			"identifier": "poke:nebula_ore",
			"menu_category": {
				"category": "nature",
				"group": "itemGroup.name.ore"
			}
		},
		"components": {
			"minecraft:destructible_by_mining": {
				"seconds_to_destroy": 1
			},
			"minecraft:map_color": "#c01be9",
			"tag:pfe": {},
			"minecraft:loot": "loot_tables/poke/blocks/nebula_ore.json",
			"minecraft:custom_components":[
				"poke:fortune"
			]
		}/*,
		"events": {
			"poke:bug": {
				"randomize": [
					{
						"run_command": {
							"command": [
								"summon poke:nebula_bug ~~~",
								"playsound note.didgeridoo @p[r=10] ~~~"
							]
						},
						"weight": 1
					},
					{
						"run_command": {
							"command": [
								"playsound note.chime @p[r=10]"
							]
						},
						"weight": 100
					}
				]
			}
		}*/
	}
}