{
	"format_version": "1.20.80",
	"minecraft:block": {
		"description": {
			"identifier": "poke:red_mushroom_crate",
			"menu_category": {
				"category": "construction"
			}
		},
		"components": {
			"minecraft:collision_box": true,
			"minecraft:selection_box": true,
			"minecraft:destructible_by_mining": {
				"seconds_to_destroy": 1
			},
			"minecraft:destructible_by_explosion": {
				"explosion_resistance": 30
			},
			"minecraft:geometry":{"identifier": "minecraft:geometry.full_block"},
			"tag:pfe": {},
			"minecraft:map_color": "#bb3e35"
		}
	}
}