{
	"format_version": "1.20.80",
	"minecraft:block": {
		"description": {
			"identifier": "poke:deepslate_godly_ore",
			"menu_category": {
				"category": "nature",
				"group": "itemGroup.name.ore"
			}
		},
		"components": {
			"minecraft:destructible_by_mining": {
				"seconds_to_destroy": 1
			},
			"minecraft:map_color": "#9e866f",
			"tag:pfe": {},
			"minecraft:geometry":{"identifier": "minecraft:geometry.full_block"},
			"minecraft:loot": "loot_tables/poke/blocks/godly_ore.json",
			"minecraft:custom_components":[
				"poke:fortune"
			]
		}
	}
}