{
	"format_version": "1.20.80",
	"minecraft:block": {
		"description": {
			"identifier": "poke:nether_onyx_ore",
			"menu_category": {
				"category": "nature",
				"group": "itemGroup.name.ore"
			}
		},
		"components": {
			"minecraft:destructible_by_mining": {
				"seconds_to_destroy": 1
			},
			"minecraft:destructible_by_explosion": {
				"explosion_resistance": 1
			},
			"minecraft:map_color": "#212250",
			"tag:pfe": {},
			"minecraft:loot": "loot_tables/poke/blocks/onyx_ore.json",
			"minecraft:custom_components":[
				"poke:fortune"
			]
		}
	}
}