{
	"format_version": "1.20.60",
	"minecraft:item": {
		"description": {
			"identifier": "poke:holy_helmet",
			"menu_category": {
				"category": "equipment",
				"group": "itemGroup.name.helmet"
			}
		},
		"components": {
			"minecraft:max_stack_size": 1,
			"minecraft:enchantable": {
				"value": 9,
				"slot": "armor_head"
			},
			"minecraft:durability": {
				"max_durability": 4000,
				"damage_chance": {
					"min": 60,
					"max": 100
				}
			},
			"minecraft:icon": { "textures": {"default": "holy_helmet" }}, 
			"minecraft:wearable": {
				"slot": "slot.armor.head",
				"protection": 8
			},
			"minecraft:repairable": {
				"repair_items": [
					{
						"items": [
							"poke:repair_core"
						],
						"repair_amount": "query.max_durability"
					},
					{
						"items": [
							"poke:holy_ingot"
						],
						"repair_amount": "query.max_durability*0.25"
					}
				]
			},
			"minecraft:tags": { 
				"tags": [ 
				  "minecraft:is_armor", 
				  "minecraft:trimmable_armors" 
				] 
			  } 
			} 
		  } 
		}