{
	"format_version": "1.16.100",
	"minecraft:entity": {
		"description": {
			"identifier": "poke:cobalt_golem",
			"is_spawnable": true,
			"is_summonable": true,
			"is_experimental": false
		},
		"component_groups": {
			"minecraft:mule_baby": {
				"minecraft:is_baby": {},
				"minecraft:scale_by_age": {
					"start_scale": 0.5,
					"end_scale": 1
				},
				"minecraft:ageable": {
					"duration": 1200,
					"feed_items": [
						{
							"item": "poke:cobalt_nugget",
							"growth": 0.009
						},
						{
							"item": "poke:cobalt_ingot",
							"growth": 0.09
						},
						{
							"item": "poke:cobalt_block",
							"growth": 0.9
						}
					],
					"grow_up": {
						"event": "minecraft:ageable_grow_up",
						"target": "self"
					}
				},
				"minecraft:behavior.follow_parent": {
					"priority": 4,
					"speed_multiplier": 1
				}
			},
			"minecraft:mule_adult": {
				"minecraft:behavior.run_around_like_crazy": {
					"priority": 1,
					"speed_multiplier": 1.2
				},
				"minecraft:scale": {
					"value": 2
				}
			},
			"minecraft:mule_wild": {
				"minecraft:rideable": {
					"seat_count": 1,
					"family_types": [
						"player",
						"zombie"
					],
					"interact_text": "action.interact.mount",
					"seats": {
						"position": [
							0,
							1.6,
							-0.4
						]
					}
				},
				"minecraft:behavior.mount_pathing": {
					"priority": 2,
					"speed_multiplier": 1.5,
					"target_dist": 0,
					"track_target": true
				},
				"minecraft:tamemount": {
					"min_temper": -1,
					"feed_text": "action.interact.feed",
					"ride_text": "action.interact.mount",
					"feed_items": [
						{
							"item": "poke:cobalt_nugget",
							"temper_mod": 1
						},
						{
							"item": "poke:cobalt_ingot",
							"temper_mod": 9
						},
						{
							"item": "poke:cobalt_block",
							"temper_mod": 90
						}
					],
					"tame_event": {
						"event": "minecraft:on_tame",
						"target": "self"
					}
				}
			},
			"minecraft:mule_tamed": {
				"minecraft:is_tamed": {},
				"minecraft:equippable": {
					"slots": [
						{
							"slot": 0,
							"item": "saddle",
							"accepted_items": [
								"saddle"
							],
							"on_equip": {
								"event": "minecraft:mule_saddled"
							},
							"on_unequip": {
								"event": "minecraft:mule_unsaddled"
							}
						}
					]
				},
				"minecraft:rideable": {
					"seat_count": 3,
					"crouching_skip_interact": true,
					"family_types": [
						"player"
					],
					"interact_text": "action.interact.ride.horse",
					"seats": [
						{
							"position": [
								0,
								1.6,
								-0.4
							]
						},
						{
							"position": [
								0.6,
								1.6,
								-0.4
							],
							"min_rider_count": 1
						},
						{
							"position": [
								-0.6,
								1.6,
								-0.4
							],
							"min_rider_count": 2
						}
					]
				},
				"minecraft:inventory": {
					"inventory_size": 16,
					"container_type": "horse"
				},
				"minecraft:behavior.tempt": {
					"priority": 5,
					"speed_multiplier": 1.2,
					"items": [
						"poke:cobalt_ingot",
						"poke:cobalt_nugget",
						"poke:cobalt_block"
					]
				}
			},
			"minecraft:mule_unchested": {
				"minecraft:interact": {
					"interactions": [
						{
							"play_sounds": "armor.equip_generic",
							"on_interact": {
								"filters": {
									"all_of": [
										{
											"test": "has_equipment",
											"subject": "other",
											"domain": "hand",
											"value": "chest"
										},
										{
											"test": "is_family",
											"subject": "other",
											"value": "player"
										}
									]
								},
								"event": "minecraft:on_chest",
								"target": "self"
							},
							"use_item": true,
							"interact_text": "action.interact.attachchest"
						}
					]
				}
			},
			"minecraft:mule_chested": {
				"minecraft:is_chested": {}
			},
			"minecraft:mule_saddled": {
				"minecraft:is_saddled": {},
				"minecraft:input_ground_controlled": {},
				"minecraft:can_power_jump": {},
				"minecraft:behavior.player_ride_tamed": {}
			}
		},
		"components": {
			"minecraft:type_family": {
				"family": [
					"mule",
					"mob"
				]
			},
			"minecraft:loot": {
				"table": "loot_tables/poke/entities/cobalt_golem.json"
			},
			"minecraft:breathable": {
				"total_supply": 15,
				"suffocate_time": 0
			},
			"minecraft:collision_box": {
				"width": 1.4,
				"height": 1.6
			},
			"minecraft:health": {
				"value": 50
			},
			"minecraft:hurt_on_condition": {
				"damage_conditions": [
					{
						"filters": {
							"test": "in_lava",
							"subject": "self",
							"operator": "==",
							"value": true
						},
						"cause": "lava",
						"damage_per_tick": 4
					}
				]
			},
			"minecraft:movement": {
				"value": 0.175
			},
			"minecraft:navigation.walk": {
				"can_path_over_water": true,
				"avoid_water": true,
				"avoid_damage_blocks": true
			},
			"minecraft:movement.basic": {},
			"minecraft:jump.static": {},
			"minecraft:nameable": {},
			"minecraft:horse.jump_strength": {
				"value": 1.25
			},
			"minecraft:leashable": {
				"soft_distance": 4,
				"hard_distance": 6,
				"max_distance": 10
			},
			"minecraft:balloonable": {},
			"minecraft:healable": {
				"items": [
					{
						"item": "poke:cobalt_ingot",
						"heal_amount": 10
					}
				]
			},
			"minecraft:damage_sensor": {
				"triggers": [
					{
						"cause": "fall",
						"deals_damage": false
					}
				]
			},
			"minecraft:behavior.float": {
				"priority": 0
			},
			"minecraft:behavior.panic": {
				"priority": 1,
				"speed_multiplier": 1.2
			},
			"minecraft:behavior.random_stroll": {
				"priority": 6,
				"speed_multiplier": 0.7
			},
			"minecraft:behavior.look_at_player": {
				"priority": 7,
				"look_distance": 6,
				"probability": 0.02
			},
			"minecraft:behavior.random_look_around": {
				"priority": 8
			},
			"minecraft:physics": {},
			"minecraft:pushable": {
				"is_pushable": true,
				"is_pushable_by_piston": true
			},
			"minecraft:conditional_bandwidth_optimization": {}
		},
		"events": {
			"minecraft:entity_spawned": {
				"queue_command": {
					"command": [
						"playanimation @s animation.cobalt_golem.inital_spawn"
					]
				},
				"randomize": [
					{
						"weight": 99,
						"add": {
							"component_groups": [
								"minecraft:mule_adult",
								"minecraft:mule_wild"
							]
						}
					},
					{
						"weight": 1,
						"add": {
							"component_groups": [
								"minecraft:mule_baby"
							]
						}
					}
				]
			},
			"minecraft:entity_born": {
				"add": {
					"component_groups": [
						"minecraft:mule_baby"
					]
				}
			},
			"minecraft:on_tame": {
				"remove": {
					"component_groups": [
						"minecraft:mule_wild"
					]
				},
				"add": {
					"component_groups": [
						"minecraft:mule_tamed",
						"minecraft:mule_unchested"
					]
				}
			},
			"minecraft:ageable_grow_up": {
				"remove": {
					"component_groups": [
						"minecraft:mule_baby"
					]
				},
				"add": {
					"component_groups": [
						"minecraft:mule_adult",
						"minecraft:mule_wild"
					]
				}
			},
			"minecraft:on_chest": {
				"remove": {
					"component_groups": [
						"minecraft:mule_unchested"
					]
				},
				"add": {
					"component_groups": [
						"minecraft:mule_chested"
					]
				}
			},
			"minecraft:mule_saddled": {
				"add": {
					"component_groups": [
						"minecraft:mule_saddled"
					]
				}
			},
			"minecraft:mule_unsaddled": {
				"remove": {
					"component_groups": [
						"minecraft:mule_saddled"
					]
				}
			}
		}
	}
}