{
	"format_version": "1.16.0",
	"minecraft:entity": {
		"description": {
			"identifier": "poke:duck",
			"runtime_identifier": "minecraft:chicken",
			"is_spawnable": true,
			"is_summonable": true,
			"is_experimental": false
		},
		"component_groups": {
			"minecraft:duck_baby": {
				"minecraft:is_baby": {},
				"minecraft:scale": {
					"value": 0.5
				},
				"minecraft:ageable": {
					"duration": 1200,
					"feed_items": ["wheat_seeds", "beetroot_seeds", "melon_seeds", "pumpkin_seeds","bread","poke:baguette"],
					"grow_up": {
						"event": "minecraft:ageable_grow_up",
						"target": "self"
					}
				},
				"minecraft:buoyant": {
					"base_buoyancy": 0.73,
					"apply_gravity": true,
					"big_wave_probability": 0.03,
					"big_wave_speed": 10,
					"drag_down_on_buoyancy_removed": 0,
					"liquid_blocks": ["water"],
					"simulate_waves": true
				},
				"minecraft:behavior.follow_parent": {
					"priority": 5,
					"speed_multiplier": 1.1
				}
			},
			"minecraft:duck_adult": {
				"minecraft:experience_reward": {
					"on_bred": "Math.Random(1,7)",
					"on_death": "query.last_hit_by_player ? Math.Random(1,3) : 0"
				},
				"minecraft:loot": {
					"table": "loot_tables/poke/entities/duck.json"
				},
				"minecraft:breedable": {
					"require_tame": false,
					"breeds_with": {
						"mate_type": "poke:duck",
						"baby_type": "poke:duck",
						"breed_event": {
							"event": "minecraft:entity_born",
							"target": "baby"
						}
					},
					"breed_items": ["wheat_seeds", "beetroot_seeds", "melon_seeds", "pumpkin_seeds","bread","poke:baguette"]
				},
				"minecraft:behavior.breed": {
					"priority": 3,
					"speed_multiplier": 1
				},
				"minecraft:rideable": {
					"seat_count": 1,
					"family_types": ["zombie"],
					"seats": {
						"position": [0, 0.4, 0]
					}
				},
				"minecraft:buoyant": {
					"base_buoyancy": 0.5,
					"apply_gravity": true,
					"big_wave_probability": 0.03,
					"big_wave_speed": 10,
					"drag_down_on_buoyancy_removed": 0,
					"liquid_blocks": ["water"],
					"simulate_waves": true
				},
				"minecraft:spawn_entity": {
					"entities": {
						"min_wait_time": 300,
						"max_wait_time": 600,
						"spawn_sound": "plop",
						"spawn_item": "poke:duck_egg",
						"filters": {
							"test": "rider_count",
							"subject": "self",
							"operator": "==",
							"value": 0
						}
					}
				}
			}
		},
		"components": {
			"minecraft:type_family": {
				"family": ["duck","mob","passive"]
			},
			"minecraft:breathable": {
				"total_supply": 30,
				"suffocate_time": 0,
				"generates_bubbles": false,
				"breathes_water": false,
				"breathes_air": true,
				"inhale_time": 1
			},
			"minecraft:collision_box": {
				"width": 0.6,
				"height": 0.8
			},
			"minecraft:nameable": {},
			"minecraft:health": {
				"value": 6,
				"max": 6
			},
			"minecraft:hurt_on_condition": {
				"damage_conditions": [
					{
						"filters": {
							"test": "in_lava",
							"subject": "self",
							"operator": "==",
							"value": true
						},
						"cause": "lava",
						"damage_per_tick": 4
					}
				]
			},
			"minecraft:movement": {
				"value": 0.25
			},
			"minecraft:damage_sensor": {
				"triggers": {
					"cause": "fall",
					"deals_damage": false
				}
			},
			"minecraft:leashable": {
				"soft_distance": 4,
				"hard_distance": 6,
				"max_distance": 10
			},
			"minecraft:balloonable": {
				"mass": 0.5
			},
			
			"minecraft:movement.basic": {},
			"minecraft:floats_in_liquid": {},
			"minecraft:jump.static": {},
			"minecraft:can_climb": {},
			"minecraft:despawn": {
				"despawn_from_chance": true,
				"despawn_from_distance": {},
				"despawn_from_inactivity": true,
				"despawn_from_simulation_edge": true,
				"min_range_inactivity_timer": 30,
				"min_range_random_chance": 800,
				"remove_child_entities": false
			},
			"minecraft:behavior.panic": {
				"priority": 1,
				"speed_multiplier": 1.5
			},
			"minecraft:behavior.tempt": {
				"priority": 6,
				"speed_multiplier": 1,
				"items": ["wheat_seeds", "beetroot_seeds", "melon_seeds", "pumpkin_seeds"]
			},
			"minecraft:behavior.random_stroll": {
				"priority": 7,
				"speed_multiplier": 1,
				"interval": 120
			},
			"minecraft:behavior.look_at_player": {
				"priority": 10,
				"look_distance": 6,
				"probability": 0.02
			},
			"minecraft:behavior.random_look_around": {
				"priority": 11,
				"probability": 0.02
			},
			"minecraft:behavior.nearest_attackable_target": {
				"attack_owner": false,
				"must_reach": true,
				"must_see": true,
				"must_see_forget_duration": 3,
				"reselect_targets": false,
				"scan_interval": 80,
				"set_persistent": false,
				"within_radius": 5,
				"entity_types":{"filters": {
					"any_of": [
						{
							"test": "is_family",
							"value": "fish"
						}
					]
				}},
				"priority": 8
			},
			"minecraft:behavior.charge_attack": {
				"success_rate": 0.20,
				"speed_multiplier": 1.8,
				"max_distance": 8,
				"min_distance": 2,
				"priority": 9
			},
			"minecraft:behavior.random_swim": {
				"avoid_surface": false,
				"interval": 120,
				"xz_dist": 10,
				"y_dist": 7,
				"priority": 2,
				"speed_multiplier": 1.5
			},
			"minecraft:navigation.generic": {
				"avoid_damage_blocks": false,
				"avoid_portals": false,
				"avoid_sun": false,
				"avoid_water": false,
				"blocks_to_avoid": [],
				"can_breach": false,
				"can_break_doors": false,
				"can_jump": true,
				"can_open_doors": false,
				"can_open_iron_doors": false,
				"can_pass_doors": true,
				"can_path_from_air": false,
				"can_path_over_lava": false,
				"can_path_over_water": true,
				"can_sink": false,
				"can_swim": true,
				"can_walk": true,
				"can_walk_in_lava": false,
				"is_amphibious": false
			},
			"minecraft:behavior.random_breach": {
				"cooldown_time": 10,
				"interval": 120,
				"xz_dist": 10,
				"y_dist": 7,
				"priority": 3
			},
			"minecraft:attack": {
				"damage": 1
			},
			"minecraft:physics": {},
			"minecraft:pushable": {
				"is_pushable": true,
				"is_pushable_by_piston": true
			},
			"minecraft:conditional_bandwidth_optimization": {}
		},
		"events": {
			"from_egg": {
				"add": {
					"component_groups": ["minecraft:duck_baby"]
				}
			},
			"minecraft:entity_spawned": {
				"randomize": [
					{
						"weight": 85,
						"trigger": "minecraft:spawn_adult"
					},
					{
						"weight": 15,
						"add": {
							"component_groups": ["minecraft:duck_baby"]
						}
					}
				]
			},
			"minecraft:entity_born": {
				"remove": {},
				"add": {
					"component_groups": ["minecraft:duck_baby"]
				}
			},
			"minecraft:ageable_grow_up": {
				"remove": {
					"component_groups": ["minecraft:duck_baby"]
				},
				"add": {
					"component_groups": ["minecraft:duck_adult"]
				}
			},
			"minecraft:spawn_adult": {
				"add": {
					"component_groups": ["minecraft:duck_adult"]
				}
			}
		}
	}
}