{
	"format_version": "1.20.80",
	"minecraft:entity": {
		"description": {
			"identifier": "poke:mushroom_buddy",
			"is_spawnable": true,
			"is_summonable": true,
			"is_experimental": false
		},
		"component_groups": {
			"minecraft:mushroom_buddy_baby": {
				"minecraft:is_baby": {},
				"minecraft:scale": {
					"value": 0.5
				},
				"minecraft:ageable": {
					"duration": -1,
					"feed_items": ["beetroot","carrot","potato","poke:turnip","poke:golden_turnip","sweet_berries"],
					"grow_up": {
						"event": "minecraft:ageable_grow_up",
						"target": "self"
					}
				}
			},
			"minecraft:mushroom_buddy_adult": {
				"minecraft:experience_reward": {
					"on_bred": "Math.Random(1,7)",
					"on_death": "query.last_hit_by_player ? Math.Random(1,3) : 0"
				},
				"minecraft:behavior.breed": {
					"priority": 3,
					"speed_multiplier": 1
				},
				"minecraft:breedable": {
					"require_tame": true,
					"require_full_health": true,
					"allow_sitting": true,
					"breeds_with": {
						"mate_type": "poke:mushroom_buddy",
						"baby_type": "poke:mushroom_buddy",
						"breed_event": {
							"event": "minecraft:entity_born",
							"target": "baby"
						}
					},
					"breed_items": ["beetroot","carrot","potato","poke:turnip","poke:golden_turnip","sweet_berries"]
				}
			},
			"minecraft:mushroom_buddy_wild": {
				"minecraft:health": {
					"value": 10,
					"max": 10
				},
				"minecraft:tameable": {
					"probability": 0.33,
					"tame_items": ["beetroot","carrot","potato","poke:turnip","poke:golden_turnip","sweet_berries"],
					"tame_event": {
						"event": "minecraft:on_tame",
						"target": "self"
					}
				}
				
			},
			"minecraft:mushroom_buddy_tame": {
				"minecraft:is_tamed": {},
				"minecraft:health": {
					"value": 30,
					"max": 30
				}, 
				"minecraft:sittable": {},
				"minecraft:behavior.tempt": {
					"priority": 5,
					"speed_multiplier": 0.5,
					"within_radius": 16,
					"items": ["beetroot","carrot","potato","poke:turnip","poke:golden_turnip","sweet_berries"]
				},
				"minecraft:leashable": {
					"soft_distance": 4,
					"hard_distance": 6,
					"max_distance": 10
				},
				"minecraft:behavior.follow_owner": {
					"priority": 4,
					"speed_multiplier": 1,
					"start_distance": 6,
					"stop_distance": 4
				},
				"minecraft:behavior.stay_while_sitting": {
					"priority": 3
				},
				"minecraft:behavior.ocelot_sit_on_block": {
					"priority": 7,
					"speed_multiplier": 1
				},
				"minecraft:behavior.pet_sleep_with_owner": {
					"priority": 2,
					"speed_multiplier": 1.2,
					"search_radius": 10,
					"search_height": 10,
					"goal_radius": 1
				}
			},
			"minecraft:mushroom_buddy_white": {
				"minecraft:variant": {
					"value": 0
				}
			},
			"minecraft:mushroom_buddy_tuxedo": {
				"minecraft:variant": {
					"value": 1
				}
			},
			"minecraft:mushroom_buddy_red": {
				"minecraft:variant": {
					"value": 2
				}
			},
			"minecraft:mushroom_buddy_siamese": {
				"minecraft:variant": {
					"value": 3
				}
			},
			"minecraft:mushroom_buddy_british": {
				"minecraft:variant": {
					"value": 4
				}
			},
			"minecraft:mushroom_buddy_calico": {
				"minecraft:variant": {
					"value": 5
				}
			},
			"minecraft:mushroom_buddy_persian": {
				"minecraft:variant": {
					"value": 6
				}
			},
			"minecraft:mushroom_buddy_ragdoll": {
				"minecraft:variant": {
					"value": 7
				}
			},
			"minecraft:mushroom_buddy_tabby": {
				"minecraft:variant": {
					"value": 8
				}
			},
			"minecraft:mushroom_buddy_black": {
				"minecraft:variant": {
					"value": 9
				}
			},
			"minecraft:mushroom_buddy_jellie": {
				"minecraft:variant": {
					"value": 10
				}
			},
			"minecraft:mushroom_buddy_blackcat": {
				"minecraft:variant": {
					"value": 11
				}
			},
			"minecraft:mushroom_buddy_redtabby": {
				"minecraft:variant": {
					"value": 12
				}
			},
			"minecraft:mushroom_buddy_britishshorthair": {
				"minecraft:variant": {
					"value": 13
				}
			}
		},
		"components": {
			"minecraft:attack_damage": {
				"value": 4
			},"minecraft:loot": {
				"table":"loot_tables/poke/entities/mushroom_buddy.json"
			},
			"minecraft:nameable": {},
			"minecraft:type_family": {
				"family": ["mob"]
			},
			"minecraft:breathable": {
				"total_supply": 15,
				"suffocate_time": 0
			},
			"minecraft:collision_box": {
				"width": 0.7,
				"height": 1
				},"minecraft:custom_hit_test": {
					"hitboxes": [
						{
							"width": 0.7,
							"height": 1,
							"pivot": [0, 0.5, 0]
						}
					]
				},
			"minecraft:healable": {
				"items": [
					{
						"item": "beetroot",
						"heal_amount": 2
					},
					{
						"item": "carrot",
						"heal_amount": 2
					},
					{
						"item": "potato",
						"heal_amount": 2
					},
					{
						"item": "poke:turnip",
						"heal_amount": 2
					},
					{
						"item": "sweet_berries",
						"heal_amount": 2
					},
					{
						"item": "poke:golden_turnip",
						"heal_amount": 20
					}
				]
			},
			"minecraft:hurt_on_condition": {
				"damage_conditions": [
					{
						"filters": {
							"test": "in_lava",
							"subject": "self",
							"operator": "==",
							"value": true
						},
						"cause": "lava",
						"damage_per_tick": 4
					}
				]
			},
			"minecraft:movement": {
				"value": 0.3
			},
			"minecraft:navigation.walk": {
				"can_float": true,
				"avoid_damage_blocks": true
			},
			"minecraft:movement.basic": {},
			"minecraft:jump.static": {},
			"minecraft:can_climb": {},
			"minecraft:damage_sensor": {
				"triggers": {
					"cause": "fall",
					"deals_damage": false
				}
			},
			"minecraft:despawn": {
				"despawn_from_distance": {}
			},
			"minecraft:behavior.float": {
				"priority": 0
			},
			"minecraft:behavior.panic": {
				"priority": 1,
				"speed_multiplier": 1.25
			},
			"minecraft:behavior.random_stroll": {
				"priority": 8,
				"speed_multiplier": 0.6
			},
			"minecraft:behavior.look_at_player": {
				"priority": 9
			},
			"minecraft:physics": {},
			"minecraft:pushable": {
				"is_pushable": true,
				"is_pushable_by_piston": true
			}
			
		},
		"events": {
			"minecraft:entity_spawned": {
				"sequence": [
					{
						"randomize": [
							{
								"weight": 3,
								"remove": {},
								"add": {
									"component_groups": ["minecraft:mushroom_buddy_adult", "minecraft:mushroom_buddy_wild"]
								}
							},
							{
								"weight": 1,
								"remove": {},
								"add": {
									"component_groups": ["minecraft:mushroom_buddy_baby", "minecraft:mushroom_buddy_wild"]
								}
							}
						]
					},
					{
						"randomize": [
							{
								"weight": 15,
								"add": {
									"component_groups": ["minecraft:mushroom_buddy_white"]
								}
							},
							{
								"weight": 15,
								"add": {
									"component_groups": ["minecraft:mushroom_buddy_tuxedo"]
								}
							},
							{
								"weight": 15,
								"add": {
									"component_groups": ["minecraft:mushroom_buddy_red"]
								}
							},
							{
								"weight": 15,
								"add": {
									"component_groups": ["minecraft:mushroom_buddy_siamese"]
								}
							},
							{
								"weight": 15,
								"add": {
									"component_groups": ["minecraft:mushroom_buddy_british"]
								}
							},
							{
								"weight": 15,
								"add": {
									"component_groups": ["minecraft:mushroom_buddy_calico"]
								}
							},
							{
								"weight": 15,
								"add": {
									"component_groups": ["minecraft:mushroom_buddy_persian"]
								}
							},
							{
								"weight": 15,
								"add": {
									"component_groups": ["minecraft:mushroom_buddy_ragdoll"]
								}
							},
							{
								"weight": 15,
								"add": {
									"component_groups": ["minecraft:mushroom_buddy_tabby"]
								}
							},
							{
								"weight": 15,
								"add": {
									"component_groups": ["minecraft:mushroom_buddy_black"]
								}
							},
							{
								"weight": 15,
								"add": {
									"component_groups": ["minecraft:mushroom_buddy_jellie"]
								}
							},
							{
								"weight": 15,
								"add": {
									"component_groups": ["minecraft:mushroom_buddy_blackcat"]
								}
							},
							{
								"weight": 15,
								"add": {
									"component_groups": ["minecraft:mushroom_buddy_redtabby"]
								}
							},
							{
								"weight": 15,
								"add": {
									"component_groups": ["minecraft:mushroom_buddy_britishshorthair"]
								}
							}
						]
					}
				]
			},
			"minecraft:spawn_from_village": {
				"sequence": [
					{
						"randomize": [
							{
								"weight": 3,
								"remove": {},
								"add": {
									"component_groups": ["minecraft:mushroom_buddy_adult", "minecraft:mushroom_buddy_wild"]
								}
							},
							{
								"weight": 1,
								"remove": {},
								"add": {
									"component_groups": ["minecraft:mushroom_buddy_baby", "minecraft:mushroom_buddy_wild"]
								}
							}
						]
					},
					{
						"randomize": [
							{
								"weight": 15,
								"add": {
									"component_groups": ["minecraft:mushroom_buddy_tuxedo"]
								}
							},
							{
								"weight": 15,
								"add": {
									"component_groups": ["minecraft:mushroom_buddy_red"]
								}
							},
							{
								"weight": 15,
								"add": {
									"component_groups": ["minecraft:mushroom_buddy_siamese"]
								}
							},
							{
								"weight": 15,
								"add": {
									"component_groups": ["minecraft:mushroom_buddy_white"]
								}
							},
							{
								"weight": 15,
								"add": {
									"component_groups": ["minecraft:mushroom_buddy_british"]
								}
							},
							{
								"weight": 15,
								"add": {
									"component_groups": ["minecraft:mushroom_buddy_calico"]
								}
							},
							{
								"weight": 15,
								"add": {
									"component_groups": ["minecraft:mushroom_buddy_persian"]
								}
							},
							{
								"weight": 15,
								"add": {
									"component_groups": ["minecraft:mushroom_buddy_ragdoll"]
								}
							},
							{
								"weight": 15,
								"add": {
									"component_groups": ["minecraft:mushroom_buddy_tabby"]
								}
							},
							{
								"weight": 15,
								"add": {
									"component_groups": ["minecraft:mushroom_buddy_jellie"]
								}
							},
							{
								"weight": 15,
								"add": {
									"component_groups": ["minecraft:mushroom_buddy_blackcat"]
								}
							},
							{
								"weight": 15,
								"add": {
									"component_groups": ["minecraft:mushroom_buddy_redtabby"]
								}
							},
							{
								"weight": 15,
								"add": {
									"component_groups": ["minecraft:mushroom_buddy_britishshorthair"]
								}
							}
						]
					}
				]
			},
			"minecraft:spawn_midnight_mushroom_buddy": {
				"sequence": [
					{
						"add": {
							"component_groups": ["minecraft:mushroom_buddy_adult", "minecraft:mushroom_buddy_wild", "minecraft:mushroom_buddy_black"]
						}
					}
				]
			},
			"minecraft:entity_born": {
				"sequence": [
					{
						"filters": {
							"test": "has_component",
							"operator": "!=",
							"value": "minecraft:is_baby"
						},
						"remove": {},
						"add": {
							"component_groups": ["minecraft:mushroom_buddy_baby", "minecraft:mushroom_buddy_tame"]
						}
					}
				]
			},
			"minecraft:ageable_grow_up": {
				"remove": {
					"component_groups": ["minecraft:mushroom_buddy_baby"]
				},
				"add": {
					"component_groups": ["minecraft:mushroom_buddy_adult"]
				}
			},
			"minecraft:on_tame": {
				"sequence": [
					{
						"remove": {
							"component_groups": ["minecraft:mushroom_buddy_wild"]
						}
					},
					{
						"add": {
							"component_groups": ["minecraft:mushroom_buddy_tame"]
						}
					}
				]
			}
		}
	}
}