{
	"format_version": "1.20.80",
	"minecraft:item": {
		"description": {
			"identifier": "poke:onyx_boots",
			"menu_category": {
				"category": "equipment",
				"group": "itemGroup.name.boots"
			}
		},
		"components": {
			"minecraft:max_stack_size": 1,
			"minecraft:enchantable": {
				"value": 100,
				"slot": "armor_feet"
			},
			"minecraft:durability": {
				"max_durability": 3500,
				"damage_chance": {
					"min": 60,
					"max": 100
				}
			},
			"minecraft:icon": { "textures": {"default": "onyx_boots" }}, 
			"minecraft:repairable": {
				"repair_items": [
					{
						"items": [
							"poke:repair_core"
						],
						"repair_amount": "query.max_durability"
					},
					{"items": ["poke:onyx_ingot"],"repair_amount": "query.max_durability*0.25"},
					{"items": ["poke:onyx_nugget"],"repair_amount": "query.max_durability*0.028"}
				]
			},
			"minecraft:wearable": {
				"slot": "slot.armor.feet",
				"protection": 10
			}, 
			"minecraft:tags": { 
				"tags": [ 
				"minecraft:is_armor", 
				"minecraft:trimmable_armors" 
				] 
			} 
		} 
	} 
}