{
	"format_version": "1.20.60",
	"minecraft:item": {
		"description": {
			"identifier": "poke:shade_helmet",
			"menu_category": {
				"category": "equipment",
				"group": "itemGroup.name.helmet"
			}
		},
		"components": {
			"minecraft:max_stack_size": 1,
			"minecraft:enchantable": {
				"value": 9,
				"slot": "armor_head"
			},
			"minecraft:durability": {
				"max_durability": 16500,
				"damage_chance": {
					"min": 60,
					"max": 100
				}
			},
			"minecraft:icon": { 
				"textures": { 
				  "default": "shade_helmet" } 
			  }, 
			"minecraft:wearable": {
				"slot": "slot.armor.head",
				"protection": 8
			},
			"minecraft:hover_text_color":"green",
			"minecraft:repairable": {
				"repair_items": [ 					{ 						"items": [ 							"poke:repair_core" 						], 						"repair_amount": "query.max_durability" 					},
					{
						"items": [
							"poke:shade_ingot"
						],
						"repair_amount": "query.max_durability*0.25"
					},
					{
						"items": [
							"poke:shade_helmet"
						],
						"repair_amount": "context.other->query.remaining_durability+0.12*context.other->query.max_durability"
					}
				]
			}, 
			"minecraft:tags": { 
			  "tags": [ 
				"minecraft:is_armor", 
				"minecraft:trimmable_armors" 
			  ] 
			} 
		  } 
		} 
	  }