{
	"format_version": "1.20.60",
	"minecraft:item": {
		"description": {
			"identifier": "poke:godly_helmet",
			"menu_category": {
				"category": "equipment",
				"group": "itemGroup.name.helmet"
			}
		},
		"components": {
			"minecraft:max_stack_size": 1,
			"minecraft:enchantable": {
				"value": 9,
				"slot": "armor_head"
			},
			"minecraft:durability": {
				"max_durability": 4200,
				"damage_chance": {
					"min": 60,
					"max": 100
				}
			},
			"minecraft:icon": { "textures": {"default": "godly_helmet" }}, 
			"minecraft:knockback_resistance": {
				"protection": 0.75
			},
			"minecraft:wearable": {
				"slot": "slot.armor.head",
				"protection": 10
			},
			"minecraft:repairable": {
				"repair_items": [
					{"items":["poke:repair_core"],"repair_amount":"query.max_durability"},
					{
						"items": [
							"poke:godly_ingot"
						],
						"repair_amount": "query.max_durability*0.25"
					}
				]
			},
			"minecraft:tags": { 
			  "tags": [ 
				"minecraft:is_armor", 
				"minecraft:trimmable_armors" 
			  ] 
			} 
		  } 
		} 
	  }