{ //this entity model, animations & textures was made by O2God for PFE
	"format_version": "1.20.60",
	"minecraft:entity": {
		"description": {
			"identifier": "poke:dragon",
			"is_spawnable": true,
			"is_summonable": true,
			"is_experimental": false
		},
		"component_groups": {
			"poke:dragon_spawning": {
				"minecraft:behavior.summon_entity": {
					"priority": 0,
					"summon_choices": [
						{
							"sequence": [
								{
									"summon_cap": 8,
									"entity_lifespan": 30,
									"entity_type": "minecraft:breeze",
									"shape": "circle",
									"size": 10,
									"num_entities_spawned": 2,
									"target": "self",
									"delay_per_summon": 1
								},
								{
									"summon_cap": 8,
									"entity_lifespan": 30,
									"entity_type": "minecraft:blaze",
									"shape": "circle",
									"size": 5,
									"num_entities_spawned": 2,
									"target": "self",
									"delay_per_summon": 1
								},
								{
									"summon_cap": 8,
									"entity_lifespan": 30,
									"entity_type": "minecraft:ghast",
									"shape": "circle",
									"size": 10,
									"num_entities_spawned": 2,
									"target": "self",
									"delay_per_summon": 1
								},
								{
									"summon_cap": 8,
									"entity_lifespan": 30,
									"entity_type": "poke:demonic_allay",
									"shape": "line",
									"size": 8,
									"num_entities_spawned": 2,
									"target": "self",
									"delay_per_summon": 1
								}
							],
							"cooldown_time": 1,
							"max_activation_range": 100,
							"min_activation_range": 1,
							"start_sound_event":"item.trident.thunder",
							"weight": 1
						}
					]
				},
				"minecraft:timer": {
					"time": 10,
					"looping": false,
					"time_down_event": {
						"event": "poke:mode_switch_range",
						"target": "self"
					}
				}
			},
			"poke:dragon_ranged":{
				"minecraft:behavior.ranged_attack": {
					"attack_interval_max": 5,
					"attack_interval_min": 1,
					"attack_radius": 70,
					"ranged_fov": 90,
					"target_in_sight_time": 0,
					"priority": 0
				},
				"minecraft:shooter": {
					"projectiles": [{"def": "dragon_fireball"}]
				},
				"minecraft:timer": {
					"time": 10,
					"looping": false,
					"time_down_event": {
						"event": "poke:mode_switch_spawning",
						"target": "self"
					}
				}
			},
			"timer":{
				"minecraft:timer": {
					"time": 1800,
					"looping": true,
					"time_down_event": {
						"event": "poke:despawn",
						"target": "self"
					}
				}
			},
			"despawn":{
				"minecraft:instant_despawn": {
					"remove_child_entities": false
				}
			}
		},
		"components": {
			"minecraft:nameable": {
				"name_actions":{
					"name_filter": "despawn",
					"on_named": {
						"event": "poke:despawn",
						"target": "self"
					}
				},
				"default_trigger": {
					"target": "self",
					"event": "poke:renamed"
				}
			},
			"minecraft:health": {
				"value": 1250,
				"max": 1250
			},
			"minecraft:collision_box": {
				"height": 5,
				"width": 10
			},
			"minecraft:custom_hit_test": {
				"hitboxes": [
					{
						"width": 14.5,
						"height": 3,
						"pivot": [0.4, 3.9, -5.7]
					},
					{
						"width": 14.5,
						"height": 3,
						"pivot": [-21.5, 4.4, -5.8]
					},
					{
						"width": 14.5,
						"height": 3,
						"pivot": [-10.4, 4.4, -5.8]
					},
					{
						"width": 14.5,
						"height": 3,
						"pivot": [12.4, 4.4, -5.8]
					},
					{
						"width": 14.5,
						"height": 3,
						"pivot": [21.9, 4.4, -5.8]
					},
					{
						"width": 4.6,
						"height": 3,
						"pivot": [0.1, 4.25, 5.7]
					},
					{
						"width": 6,
						"height": 3,
						"pivot": [0.1, 3.5, -25.4]
					},
					{
						"width": 7.8,
						"height": 3,
						"pivot": [-0.1, 3.3, -17.4]
					}
				]
			},
			"minecraft:attack": {
				"damage": 35
			},
			"minecraft:experience_reward": {
				"on_death": 500
			},
			"minecraft:behavior.float": {"priority": 2},
			"minecraft:navigation.generic": {"can_path_from_air": true,"blocks_to_avoid": ["grass_block","stone"]},
			"minecraft:movement": {
				"value": 2.0
			},
			"minecraft:knockback_resistance": {
				"value": 1,
				"max": 1
			},
			"minecraft:movement.glide": {
				"start_speed": 0.9,
				"speed_when_turning": 1
			},
			"minecraft:physics": {
				"has_gravity": false,
				"has_collision": true,
				"push_towards_closest_space": true
			},
			"minecraft:loot": {
				"table": "loot_tables/poke/entities/dragon.json"
			},
			"minecraft:behavior.nearest_prioritized_attackable_target": {
				"priority": 1,
				"attack_interval": 0,
				"reselect_targets": true,
				"scan_interval": 15,
				"within_radius": 100.0,
				"target_search_height": -1.0,
				"entity_types": [
					{
						"filters": {
							"test": "is_family",
							"subject": "other",
							"value": "player"
						},
						"max_dist": 100
					}
				]
			},
			"minecraft:behavior.circle_around_anchor": {
				"speed_multiplier": 1,
				"goal_radius": 1,
				"radius_change": 1,
				"radius_adjustment_chance": 0.5,
				"height_adjustment_chance": 0.5,
				"angle_change": 45,
				"height_above_target_range": [
					10,
					20
				],
				"radius_range": [
					5,
					20
				],
				"height_offset_range": [
					1,
					5
				],
				"priority": 1
			},
			"minecraft:boss": {
				"hud_range": 100,
				"name": "entity.poke:dragon.name",
				"should_darken_sky": true
			},
			"minecraft:on_target_acquired":"poke:debug",
			"minecraft:behavior.look_at_target": {
				"look_distance": 8,
				"probability": 0.02,
				"angle_of_view_vertical": 360,
				"angle_of_view_horizontal": 360
			}
		},
		"events": {
			"minecraft:entity_spawned": {
				"add": {
					"component_groups": [
						"poke:dragon_spawning"
					]
				},
				"queue_command": {
					"command":[
						"tp @s ~ ~20 ~"
					]
				}
			},
			"poke:mode_switch_range":{
				"add": {
					"component_groups": ["poke:dragon_ranged"]
				},
				"remove": {
					"component_groups": [
						"poke:dragon_spawning"
					]
				}
			},
			"poke:mode_switch_spawning":{
				"remove": {
					"component_groups": ["poke:dragon_ranged"]
				},
				"add": {
					"component_groups": [
						"poke:dragon_spawning"
					]
				}
			},
			"poke:renamed":{
				"remove": {
					"component_groups": [
						"timer"
					]
				}
			},
			"poke:despawn":{
				"add": {
					"component_groups": ["despawn"]
				}
			}
		}
	}
}