{ //this entity model, animations & textures was made by O2God for PFE
	"format_version": "1.20.80",
	"minecraft:entity": {
		"description": {
			"identifier": "poke:necromancer",
			"is_spawnable": true,
			"is_summonable": true,
			"is_experimental": false
		},
		"component_groups": {
			"timer":{
				"minecraft:timer": {
					"time": 1800,
					"looping": true,
					"time_down_event": {
						"event": "poke:despawn",
						"target": "self"
					}
				}
			},
			"despawn":{
				"minecraft:instant_despawn": {
					"remove_child_entities": false
				}
			},
			"melee_mode":{
				"minecraft:behavior.melee_box_attack": {
					"melee_fov": 90,
					"track_target": true,
					"speed_multiplier": 1.1,
					"attack_once": false,
					"require_complete_path": false,
					"cooldown_time": 0,
					"priority": 0,
					"can_spread_on_fire": true
				}
			},
			"ranged_mode":{
				"minecraft:behavior.summon_entity": {
					"priority": 0,
					"summon_choices": [
						{
							"weight": 1,
							"cooldown_time": 5.0,
							"max_activation_range": 32,
							"min_activation_range": 0,
							"cast_duration": 2.5,
							"do_casting": true,
							"particle_color": "#385b38",
							"sequence": [
								{
								"shape": "circle",
								"target": "self",
								"base_delay": 2.5,
								"num_entities_spawned": 10,
								"entity_type": "minecraft:zombie",
								"summon_cap": 10,
								"summon_cap_radius": 30.0,
								"size": 5.0,
								"entity_lifespan": 90,
								"sound_event": "prepare.summon"
								}
							]
						},
						{
							"weight": 1,
							"cooldown_time": 6.0,
							"cast_duration": 2.5,
							"do_casting": true,
							"particle_color": "#b7a270",
							"max_activation_range": 32,
							"min_activation_range": 0.5,
							"sequence": [
								{
								"shape": "circle",
								"target": "self",
								"base_delay": 2.5,
								"num_entities_spawned": 10,
								"entity_type": "minecraft:husk",
								"summon_cap": 10,
								"summon_cap_radius": 30.0,
								"size": 6.0,
								"entity_lifespan": 90,
								"sound_event": "prepare.summon"
								}
							]
						},
						{
							"weight": 1,
							"cooldown_time": 7.0,
							"cast_duration": 2.5,
							"do_casting": true,
							"particle_color": "#b5b5b5",
							"max_activation_range": 32,
							"min_activation_range": 0.5,
							"sequence": [
								{
								"shape": "circle",
								"target": "self",
								"base_delay": 2.5,
								"num_entities_spawned": 8,
								"entity_type": "minecraft:skeleton",
								"summon_cap": 10,
								"summon_cap_radius": 30.0,
								"size": 8.0,
								"entity_lifespan": 90,
								"sound_event": "prepare.summon"
								}
							]
						},
						{
							"weight": 1,
							"cooldown_time": 8.0,
							"cast_duration": 2.5,
							"do_casting": true,
							"particle_color": "#a6c875",
							"max_activation_range": 40,
							"min_activation_range": 0.5,
							"sequence": [
								{
								"shape": "circle",
								"target": "self",
								"base_delay": 2.5,
								"num_entities_spawned": 8,
								"entity_type": "minecraft:bogged",
								"summon_cap": 10,
								"summon_cap_radius": 30.0,
								"size": 9.0,
								"entity_lifespan": 90,
								"sound_event": "prepare.summon"
								}
							]
						},
						{
							"weight": 1,
							"cooldown_time": 8.0,
							"cast_duration": 2.5,
							"do_casting": true,
							"particle_color": "#5a6c81",
							"max_activation_range": 40,
							"min_activation_range": 0.5,
							"sequence": [
								{
								"shape": "circle",
								"target": "self",
								"base_delay": 2.5,
								"num_entities_spawned": 8,
								"entity_type": "minecraft:stray",
								"summon_cap": 10,
								"summon_cap_radius": 30.0,
								"size": 10.0,
								"entity_lifespan": 90,
								"sound_event": "prepare.summon"
								}
							]
						}
					]
				}
			}
		},
		"components": {
			"minecraft:on_death": {
				"event": "death_sound"
			},
			"minecraft:experience_reward": {
				"on_death": 2500
			},
			"minecraft:type_family": {
				"family": [
					"mob",
					"undead",
					"monster",
					"skeleton",
					"pfe:boss"
				]
			},
			"minecraft:nameable": {
				"name_actions":{
					"name_filter": "despawn",
					"on_named": {
						"event": "poke:despawn",
						"target": "self"
					}
				},
				"default_trigger": {
					"target": "self",
					"event": "poke:renamed"
				}
			},
			"minecraft:collision_box": {
				"width": 1,
				"height": 2.7
			},
			"minecraft:loot": {
				"table": "loot_tables/poke/entities/necromancer.json"
			},
			"minecraft:health": {
				"value": 1500,
				"max": 1500
			},
			"minecraft:movement": {
				"value": 0.30
			},
			"minecraft:boss": {
				"should_darken_sky": true,
				"hud_range": 55,
				"name": "entity.poke:necromancer.name"
			},
			"minecraft:navigation.walk": {
				"can_path_over_water": true,
				"can_pass_doors": true,
				"can_open_doors": true,
				"avoid_water": true
			},
			"minecraft:movement.basic": {},
			"minecraft:jump.static": {},
			"minecraft:can_climb": {},
			"minecraft:behavior.float": {},
			"minecraft:follow_range": {
				"value": 64,
				"max": 64
			},
			"minecraft:behavior.hurt_by_target": {
				"priority": 3
			},
			"minecraft:default_look_angle": {
				"value": 0
			},
			"minecraft:damage_sensor": {
				"triggers": [
					{
						"cause": "fall",
						"deals_damage": false
					}
				]
			},
			"minecraft:attack_damage": {
				"value": 18
			},
			"minecraft:knockback_resistance": {
				"value": 0.5
			},
			"minecraft:behavior.random_stroll": {
				"priority":8,
				"xz_dist": 10,
				"y_dist": 7
			},
			"minecraft:attack": {
				"damage": 15
			},
			"minecraft:target_nearby_sensor": {
				"must_see": true,
				"inside_range": 5,
				"outside_range": 6,
				"on_inside_range": {
					"event": "poke:melee_mode",
					"target": "self"
				},
				"on_outside_range": {
					"event": "poke:ranged_mode",
					"target": "self"
				}
			},
			"minecraft:behavior.nearest_attackable_target": {
				"priority": 1,
				"within_radius": 40,
				"must_see_forget_duration": 17,
				"entity_types": [
				{
					"filters": {
						"any_of": [
						{
							"test": "is_family",
							"subject": "other",
							"value": "player"
						},
						{
							"test": "is_family",
							"subject": "other",
							"value": "snowgolem"
						},
						{
							"test": "is_family",
							"subject": "other",
							"value": "irongolem"
						}
						]
					},
					"max_dist": 40
				}
			]
			},
			"minecraft:persistent": {},
			"minecraft:physics": {},
			"minecraft:pushable": {
				"is_pushable": true,
				"is_pushable_by_piston": true
			},
			"minecraft:breathable": {
				"breathes_air": true,
				"breathes_water": true
			},
			"minecraft:conditional_bandwidth_optimization": {}
		},
		"events": {
			"minecraft:entity_spawned": {
				"add": {
					"component_groups": [
						"timer"
					]
				},
				"queue_command": {
					"command": [
						"weather clear",
						"time set midnight",
						"execute as @a[r=50] run music stop 2",
						"execute as @a[r=50] run music play record.creator 1 4"
					]
				}
			},
			"death_sound": {
				"queue_command": {
					"command": [
						"execute as @a[r=50] run music play music.game 1 5"
					]
				}
			},
			"poke:ranged_mode":{
				"remove": {
					"component_groups": [
						"melee_mode"
					]
				},
				"add": {
					"component_groups": [
						"ranged_mode"
					]
				}
			},
			"poke:melee_mode":{
				"add": {
					"component_groups": [
						"melee_mode"
					]
				},
				"remove": {
					"component_groups": [
						"ranged_mode"
					]
				}
			},
			"poke:despawn":{
				"add": {
					"component_groups": ["despawn"]
				}
			},
			"poke:renamed":{
				"remove": {
					"component_groups": [
						"timer"
					]
				}
			}
		}
	}
}