{
	"format_version": "1.20.60",
	"minecraft:entity": {
		"description": {
			"identifier": "poke:robo_golem",
			"is_spawnable": true,
			"is_summonable": true,
			"is_experimental": false,
			"runtime_identifier": "minecraft:iron_golem"
		},
		"component_groups": {
			"timer":{
				"minecraft:timer": {
					"time": 1800,
					"looping": true,
					"time_down_event": {
						"event": "poke:despawn",
						"target": "self"
					}
				}
			},
			"despawn":{
				"minecraft:instant_despawn": {
					"remove_child_entities": true
				}
			}
		},
		"components": {
			"minecraft:on_hurt_by_player": {
				"event": "hurt_sound"
			},
			"minecraft:on_death": {
				"event": "poke:death"
			},
			"minecraft:experience_reward": {
				"on_death": 1500
			},
			"minecraft:type_family": {
				"family": [
					"furnace_golem",
					"mob",
					"blaze",
					"undead",
					"skeleton",
					"monster",
					"mob",
					"pfe:boss"
				]
			},
			"minecraft:nameable": {
				"name_actions":{
					"name_filter": "despawn",
					"on_named": {
						"event": "poke:despawn",
						"target": "self"
					}
				},
				"default_trigger": {
					"target": "self",
					"event": "poke:renamed"
				}
			},
			"minecraft:collision_box": {
				"width": 1,
				"height": 2.7
			},
			"minecraft:attack": {
				"damage": 20
			},
			"minecraft:custom_hit_test": {
				"hitboxes": [
					{ //Head
						"width": 0.5,
						"height": 0.625,
						"pivot": [
							0,
							2.375,
							0.2185
						]
					},
					{ //Body
						"width": 0.6865,
						"height": 0.75,
						"pivot": [
							0,
							1.6875,
							0.03125
						]
					},
					{ //Body
						"width": 0.65,
						"height": 0.375,
						"pivot": [
							0,
							1.1575,
							0.04
						]
					},
					{ //Arm0
						"width": 0.3,
						"height": 2,
						"pivot": [
							0.7,
							1.15,
							0
						]
					},
					{ //Arm1
						"width": 0.3,
						"height": 2,
						"pivot": [
							-0.7,
							1.15,
							0
						]
					},
					{ //Leg0
						"width": 0.4,
						"height": 1,
						"pivot": [
							-0.3,
							0.5,
							0
						]
					},
					{ //Leg1
						"width": 0.4,
						"height": 1,
						"pivot": [
							0.3,
							0.5,
							0
						]
					}
				]
			},
			"minecraft:loot": {
				"table": "loot_tables/poke/entities/frunace_golem.json"
			},
			"minecraft:health": {
				"value": 4500,
				"max": 4500
			},
			"minecraft:movement": {
				"value": 0.3
			},
			"minecraft:fire_immune":{},
			"minecraft:knockback_resistance": {
				"value": 0.75
			},
			"minecraft:boss": {
				"should_darken_sky": false,
				"hud_range": 55,
				"name": "entity.poke:robo_golem.name"
			},
			"minecraft:navigation.walk": {
				"avoid_water": true,
				"can_float": true,
				"blocks_to_avoid": [
					"water",
					"flowing_water"
				]
			},
			"minecraft:movement.basic": {},
			"minecraft:jump.static": {
				"jump_power": 0.5
			},
			"minecraft:can_climb": {},
			"minecraft:damage_sensor": {
				"triggers": [
					{
						"cause": "suffocation",
						"deals_damage": false
					},
					{
						"cause": "fall",
						"deals_damage": false
					},
					{
						"cause": "fire",
						"deals_damage": false
					}
				]
			},
			"minecraft:angry": {
				"broadcast_anger": true,
				"broadcast_range": 20
			},
			"minecraft:attack_damage": {
				"value": 50
			},
			"minecraft:behavior.summon_entity": {
				"priority": 0,
				"summon_choices": [
					{
						"sequence": [
							{
								"summon_cap": 8,
								"entity_lifespan": 30,
								"entity_type": "minecraft:wither_skeleton",
								"shape": "circle",
								"size": 5,
								"num_entities_spawned": 2,
								"target": "self",
								"delay_per_summon": 1
							},
							{
								"summon_cap": 8,
								"entity_lifespan": 30,
								"entity_type": "minecraft:blaze",
								"shape": "circle",
								"size": 6,
								"num_entities_spawned": 2,
								"target": "self",
								"delay_per_summon": 1
							},
							{
								"summon_cap": 8,
								"entity_lifespan": 30,
								"entity_type": "poke:demonic_allay",
								"shape": "circle",
								"size": 8,
								"num_entities_spawned": 2,
								"target": "self",
								"delay_per_summon": 1
							}
						],
						"cooldown_time": 1,
						"max_activation_range": 100,
						"min_activation_range": 1,
						"start_sound_event":"lt.reaction.fireball",
						"weight": 1
					}
				]
			},
			"minecraft:behavior.random_stroll": {
				"priority": 2,
				"speed_multiplier": 1
			},
			"minecraft:behavior.look_at_player": {
				"priority": 3,
				"look_distance": 25
			},
			"minecraft:behavior.random_look_around": {
				"priority": 4
			},
			"minecraft:behavior.melee_attack": {
				"priority": 3,
				"melee_fov": 180.0,
				"speed_multiplier": 1,
				"track_target": true,
				"require_complete_path": false
			},
			"minecraft:behavior.hurt_by_target": {
				"priority": 1
			},
			"minecraft:behavior.nearest_attackable_target": {
				"priority": 1,
				"must_see": false,
				"scan_interval": 10,
				"within_radius": 250,
				"entity_types": [
					{
						"filters": {
							"any_of": [
								{
									"test": "is_family",
									"subject": "other",
									"value": "player"
								}
							]
						},
						"must_see": false
					}
				]
			},
			"minecraft:persistent": {},
			"minecraft:physics": {},
			"minecraft:pushable": {
				"is_pushable": true,
				"is_pushable_by_piston": true
			},
			"minecraft:breathable": {
				"breathes_air": true,
				"breathes_lava": true,
				"breathes_solids": true,
				"breathes_water": true
			},
			"minecraft:conditional_bandwidth_optimization": {}
		},
		"events": {
			"minecraft:entity_spawned": {
				"add": {
					"component_groups": [
						"timer"
					]
				},
				"queue_command": {
					"command": [
						"weather clear",
						"execute as @a[r=50] run music stop 2",
						"execute as @a[r=50] run music play poke.record.pigstep 1 3"
					]
				}
			},
			"poke:death": {
				"queue_command": {
					"command": [
						"execute as @a[r=50] run music play music.game 1 5"
					]
				}
			},
			"hurt_sound": {
				"randomize": [
					{
						"queue_command": {
							"command": [
								"function poke/entities/robo_golem_slam"
							]
						},
						"weight": 1
					},
					{
						"queue_command": {
							"command": [
								"weather clear"
							]
						},
						"weight": 10
					}
				]
			},
			"poke:renamed":{
				"remove": {
					"component_groups": [
						"timer"
					]
				}
			},
			"poke:despawn":{
				"add": {
					"component_groups": ["despawn"]
				}
			}
		}
	}
}