{
  "format_version": "1.20.80",
  "minecraft:block": {
    "description": {
      "identifier": "poke:key_block_room",
      "menu_category": {
        "category": "construction"
      }
    },
    "components": {
      "minecraft:destructible_by_mining":false,
      "minecraft:destructible_by_explosion":false,
      "tag:pfe": {},
      "minecraft:map_color": "#f1da09"
    }/*,
    "events": {
      "transform": {
        "set_block": {
          "block_type": "poke:holy_bricks"
        },
        "run_command": {
          "command": [
            "execute if block ~ ~-3 ~ poke:cut_radium run function poke/dungeon/gen/room_n",
            "execute if block ~ ~-3 ~ poke:cut_holy run function poke/dungeon/gen/room_s",
            "execute if block ~ ~-3 ~ poke:cut_cobalt run function poke/dungeon/gen/room_e",
            "execute if block ~ ~-3 ~ poke:cut_hellish run function poke/dungeon/gen/room_w"
          ]
        }
      }
    }*/
  }
}