{
  "format_version": "1.20.80",
  "minecraft:block": {
    "description": {
      "identifier": "poke:key_block_start",
      "menu_category": {
        "category": "construction"
      }
    },
    "components": {
      "minecraft:destructible_by_mining":false,
      "minecraft:destructible_by_explosion":false,
      "tag:pfe": {},
      "minecraft:map_color": "#f1da09"
    }/*,
    "events": {
      "transform": {
        "set_block": {
          "block_type": "scaffolding"
        },
        "run_command": {
          "command": [
            "function poke/dungeon/start"
          ]
        }
      }
    }*/
  }
}