{
	"format_version": "1.20.60",
	"minecraft:item": {
		"description": {
			"identifier": "poke:medic_boots",
			"menu_category": {
				"category": "equipment",
				"group": "itemGroup.name.boots"
			}
		},
		"components": {
			"minecraft:max_stack_size": 1,
			"minecraft:enchantable": {
				"value": 100,
				"slot": "armor_feet"
			},
			"minecraft:durability": {
				"max_durability": 4300,
				"damage_chance": {
					"min": 60,
					"max": 100
				}
			},
			"minecraft:icon": { "textures": {"default": "medic_boots" }}, 
			"minecraft:wearable": {
				"slot": "slot.armor.feet",
				"protection": 10
			},
			"minecraft:repairable": {
				"repair_items": [
					{
						"items": [
							"poke:repair_core"
						],
						"repair_amount": "query.max_durability"
					},
					{
						"items": [
							"minecraft:iron_ingot"
						],
						"repair_amount": "query.max_durability * 0.25"
					},
					{
						"items": [
							"minecraft:iron_nugget"
						],
						"repair_amount": "query.max_durability * 0.03"
					},
					{
						"items": [
							"poke:medic_boots"
						],
						"repair_amount": "context.other->query.remaining_durability + 0.12 * context.other->query.max_durability"
					}
				]
			},
			"minecraft:tags": { 
			  "tags": [ 
				"minecraft:is_armor", 
				"minecraft:trimmable_armors" 
			  ] 
			} 
		  } 
		} 
	  }