{
  "format_version": "1.20.80",
  "minecraft:item": {
    "description": {
      "identifier": "poke:void_battleaxe",
      "menu_category": {
        "category": "equipment",
        "group": "itemGroup.name.sword"
      }
    },
    "components": {
      "minecraft:icon":"poke_void_battleaxe",
      "minecraft:max_stack_size": 1,
      "minecraft:hand_equipped": true,
      "minecraft:durability": {
        "max_durability": 2750,"damage_chance": {"max": 100,"min": 60}
      },
      "minecraft:damage": 23,
      "minecraft:enchantable": {
        "value": 15,
        "slot": "sword"
      },
      "minecraft:can_destroy_in_creative": false,
      "minecraft:repairable": {
        "repair_items": [
          {
            "items": [
              "poke:repair_core"
            ],
            "repair_amount": "query.max_durability"
          },
          {
            "items": [
              "poke:void_ingot"
            ],
            "repair_amount": "query.max_durability*0.25"
          },
          {
            "items": [
              "poke:void_nugget"
            ],
            "repair_amount": 28
          }
        ]
      },
      "minecraft:cooldown": {
        "category": "poke:axe_use",
        "duration": 2
      },
      "tag:minecraft:is_sword": {},
			"minecraft:tags": {"tags": [
				"function pfe_items/battleaxe/void"
			]},
			"minecraft:custom_components": [
				"poke:cc_on_use"
			]
    }
  }
}