{
	"format_version": "1.20.80",
	"minecraft:item": {
		"description": {
			"identifier": "poke:death_battleaxe",
			"menu_category": {
				"category": "equipment",
				"group": "itemGroup.name.sword"
			}
		},
		"components": {
			"minecraft:icon":"poke_death_battleaxe",
			"minecraft:max_stack_size": 1,
			"minecraft:hand_equipped": true,
			"minecraft:durability": {
				"max_durability": 2800,"damage_chance": {"max": 100,"min": 60}
			},
			"minecraft:damage": 27,
			"minecraft:enchantable": {
				"value": 15,
				"slot": "sword"
			},
			"minecraft:can_destroy_in_creative": false,
			"minecraft:repairable": {
				"repair_items": [
					{
						"items": [
							"poke:repair_core"
						],
						"repair_amount": "query.max_durability"
					},
					{
						"items": [
							"poke:death_ingot"
						],
						"repair_amount": "query.max_durability*0.25"
					},
					{
						"items": [
							"poke:death_nugget"
						],
						"repair_amount": 28
					}
				]
			},
			"minecraft:cooldown": {
				"category": "poke:axe_use",
				"duration": 2
			},
			"minecraft:tags": {"tags": [
				"function pfe_items/battleaxe/death"
			]},
			"minecraft:custom_components": [
				"poke:cc_on_use"
			]
		}
	}
}