{
	"format_version": "1.20.80",
	"minecraft:item": {
		"description": {
			"identifier": "poke:astral_sword",
			"menu_category": {
				"category": "equipment",
				"group": "itemGroup.name.sword"
			}
		},
		"components": {
			"minecraft:max_stack_size": 1,
			"minecraft:icon":"poke_astral_sword",
			"minecraft:damage": 26,
			"minecraft:hover_text_color":"purple",
			"minecraft:can_destroy_in_creative": false,
			"minecraft:hand_equipped": true,
			"minecraft:durability": {
				"max_durability": 3750,
				"damage_chance": {
					"max": 100,
					"min": 60
				}
			},
			"minecraft:enchantable": {
				"value": 70,
				"slot": "sword"
			},
			"minecraft:repairable": {
				"repair_items": [
					{
						"items": ["poke:repair_core"],
						"repair_amount": "query.max_durability"
					},
					{
						"items": ["poke:astral_ingot"],
						"repair_amount": "query.max_durability*0.25"
					},
					{
						"items": ["poke:astral_nugget"],
						"repair_amount": "query.max_durability*0.028"
					}
				]
			},
			"minecraft:digger": {
				"destroy_speeds": [
					{"block":"minecraft:web","speed": 60},
					{"block":"minecraft:bamboo_sapling","speed": 60},
					{"block":"minecraft:bamboo","speed": 60}
				]
			}
		}
	}
}