{
	"format_version": "1.20.80",
	"minecraft:item": {
		"description": {
			"identifier": "poke:amethyst_sword",
			"menu_category": {
				"category": "equipment",
				"group": "itemGroup.name.sword"
			}
		},
		"components": {
			"minecraft:max_stack_size": 1,
			"minecraft:hand_equipped": true,
			"minecraft:durability": {
				"max_durability": 2000,
				"damage_chance": {
					"min": 100,
					"max": 100
				}
			},
			"minecraft:damage": 9,
			"minecraft:icon":"poke_amethyst_sword",
			"minecraft:enchantable": {
				"value": 27,
				"slot": "sword"
			},
			"minecraft:repairable": {
				"repair_items": [
					{
						"items": ["poke:repair_core"],
						"repair_amount": "query.max_durability"
					},
					{
						"items": [
							"amethyst_shard"
						],
						"repair_amount": "query.max_durability*0.25"
					}
				]
			},
			"minecraft:hover_text_color": "light_purple",
			"minecraft:digger": {
				"destroy_speeds": [
					{"block":"minecraft:web","speed": 60},
					{"block":"minecraft:bamboo_sapling","speed": 60},
					{"block":"minecraft:bamboo","speed": 60}
				]
			}
		}
	}
}