{
	"format_version": "1.20.80",
	"minecraft:item": {
		"description": {
			"identifier": "poke:circuit_sword",
			"menu_category": {
				"category": "equipment",
				"group": "itemGroup.name.sword"
			}
		},
		"components": {
			"minecraft:max_stack_size": 1,
			"minecraft:hand_equipped": true,
			"minecraft:icon":"poke_circuit_sword",
			"minecraft:hover_text_color":"green",
			"minecraft:durability": {
				"max_durability": 2000,
				"damage_chance": {
					"min": 100,
					"max": 100
				}
			},
			"minecraft:repairable": {
				"repair_items": [
					{
						"items": [
							"poke:repair_core"
						],
						"repair_amount": "query.max_durability"
					}
				]
			},
			"minecraft:damage": 15,
			"minecraft:can_destroy_in_creative": false,
			"minecraft:enchantable": {
				"slot": "sword",
				"value": 35
			},
			"minecraft:digger": {
				"destroy_speeds": [
					{"block":"minecraft:web","speed": 60},
					{"block":"minecraft:bamboo_sapling","speed": 60},
					{"block":"minecraft:bamboo","speed": 60}
				]
			}
		}
	}
}