{
	"format_version": "1.20.80",
	"minecraft:item": {
		"description": {
			"identifier": "poke:death_sword",
			"menu_category": {
				"category": "equipment",
				"group": "itemGroup.name.sword"
			}
		},
		"components": {
			"minecraft:can_destroy_in_creative": false,
			"minecraft:durability": {
				"max_durability": 2870,
				"damage_chance": {
					"max": 100,
					"min": 60
				}
			},
			"minecraft:damage":{"value":34},
			"minecraft:enchantable": {
				"value": 20,
				"slot": "sword"
			},
			"minecraft:hand_equipped": true,
			"minecraft:icon":"poke_death_sword",
			"minecraft:max_stack_size": 1,
			"minecraft:repairable": {
				"repair_items": [
					{
						"items": [
							"poke:repair_core"
						],
						"repair_amount": "query.max_durability"
					},
					{
						"items": [
							"poke:death_ingot"
						],
						"repair_amount": "query.max_durability*0.25"
					},
					{
						"items": [
							"poke:death_nugget"
						],
						"repair_amount": "query.max_durability*0.028"
					}
				]
			},
			"minecraft:digger": {
				"destroy_speeds": [
					{"block":"minecraft:web","speed": 60},
					{"block":"minecraft:bamboo_sapling","speed": 60},
					{"block":"minecraft:bamboo","speed": 60}
				]
			}
		}
	}
}