{
	"format_version": "1.20.80",
	"minecraft:item": {
		"description": {
			"identifier": "poke:godly_sword",
			"menu_category": {"category": "equipment","group": "itemGroup.name.sword"}
		},
		"components": {
			"minecraft:max_stack_size": 1,
			"minecraft:hover_text_color":"minecoin_gold",
			"minecraft:icon":"poke_godly_sword",
			"minecraft:damage": 18,
			"minecraft:can_destroy_in_creative": false,
			"minecraft:hand_equipped": true,
			"minecraft:durability": {"max_durability": 2750,"damage_chance": {"max": 100,"min": 60}},
			"minecraft:repairable": {
				"repair_items": [
					{
						"items": ["poke:repair_core"],
						"repair_amount": "query.max_durability"
					},
					{
						"items": ["poke:godly_ingot"],
						"repair_amount": "query.max_durability*0.25"
					},
					{
						"items": ["poke:godly_nugget"],
						"repair_amount": "query.max_durability*0.028"
					}
				]
			},
			"minecraft:enchantable": {"value": 40,"slot": "sword"},
			"minecraft:tags": {"tags": ["minecraft:is_sword","minecraft:digger"]},
			"minecraft:digger": {
				"destroy_speeds": [
					{"block":"minecraft:web","speed": 60},
					{"block":"minecraft:bamboo_sapling","speed": 60},
					{"block":"minecraft:bamboo","speed": 60}
				]
			}
		}
	}
}