{
	"format_version": "1.20.80",
	"minecraft:item": {
		"description": {
			"identifier": "poke:holy_sword",
			"menu_category": {
				"category": "equipment",
				"group": "itemGroup.name.sword"
			}
		},
		"components": {
			"minecraft:max_stack_size": 1,
			"minecraft:icon":"poke_holy_sword",
			"minecraft:damage": 13,
			"minecraft:can_destroy_in_creative": false,
			"minecraft:hand_equipped": true,
			"minecraft:durability": {
				"max_durability": 2100,"damage_chance": {"max": 100,"min": 60}
			},
			"minecraft:repairable": {
				"repair_items": [
					{
						"items": ["poke:repair_core"],
						"repair_amount": "query.max_durability"
					},
					{
						"items": ["poke:holy_ingot"],
						"repair_amount": "query.max_durability*0.25"
					},
					{
						"items": ["poke:holy_nugget"],
						"repair_amount": "query.max_durability*0.028"
					}
				]
			},
			"minecraft:enchantable": {
				"value": 35,
				"slot": "sword"
			},
			"minecraft:digger": {
				"destroy_speeds": [
					{"block":"minecraft:web","speed": 60},
					{"block":"minecraft:bamboo_sapling","speed": 60},
					{"block":"minecraft:bamboo","speed": 60}
				]
			}
		}
	}
}