{
	"format_version": "1.20.80",
	"minecraft:item": {
		"description": {
			"identifier": "poke:radium_sword",
			"menu_category": {
				"category": "equipment",
				"group": "itemGroup.name.sword"
			}
		},
		"components": {
			"minecraft:max_stack_size": 1,
			"minecraft:icon":"poke_radium_sword",
			"minecraft:damage": 16,
			"minecraft:hover_text_color":"green",
			"minecraft:can_destroy_in_creative": false,
			"minecraft:hand_equipped": true,
			"minecraft:durability": {
				"max_durability": 3680,"damage_chance": {"max": 100,"min": 60}
			},
			"minecraft:enchantable": {
				"value": 27,
				"slot": "sword"
			},
			"minecraft:repairable": {
				"repair_items": [
					{
						"items": [
							"poke:radium_ingot"
						],
						"repair_amount": "query.max_durability*0.25"
					},
					{
						"items": [
							"poke:repair_core"
						],
						"repair_amount": "query.max_durability"
					},
					{
						"items": [
							"poke:radium_nugget"
						],
						"repair_amount": "query.max_durability*0.028"
					}
				]
			},
			"minecraft:digger": {
				"destroy_speeds": [
					{"block":"minecraft:web","speed": 60},
					{"block":"minecraft:bamboo_sapling","speed": 60},
					{"block":"minecraft:bamboo","speed": 60}
				]
			}
		}
	}
}