{
	"format_version": "1.20.80",
	"minecraft:block": {
		"description": {
			"identifier": "poke:golden_turnip_trophy",
			"menu_category": {
				"category": "construction"
			},
			"traits": {"minecraft:placement_direction": {"enabled_states": ["minecraft:cardinal_direction"]}}
		},
		"components": {
			"minecraft:loot": "loot_tables/poke/trophy/golden_turnip.json",
			"minecraft:selection_box": {
				"origin": [
					-7.25,
					0,
					-4.5
				],
				"size": [
					15,
					7,
					9
				]
			},
			"minecraft:collision_box": {
				"origin": [
					-7.25,
					0,
					-4.5
				],
				"size": [
					15,
					7,
					9
				]
			},
			"minecraft:destructible_by_mining": {
				"seconds_to_destroy": 1
			},
			"minecraft:destructible_by_explosion": {
				"explosion_resistance": 200
			},
			"minecraft:geometry": "geometry.poke.golden_turnip_trophy",
			"minecraft:material_instances": {
				"*": {
					"texture": "poke_golden_turnip_trophy",
					"render_method": "opaque",
					"ambient_occlusion": false,
					"face_dimming": true
				}
			},
			"minecraft:placement_filter": {"conditions": [{"allowed_faces": ["up"]}]},
			"minecraft:light_emission": 4,
			"minecraft:light_dampening": 0,
			"tag:pfe": {},
			"minecraft:map_color": "#d6ca1e"
		},
		"permutations": [
			{
				"condition": "q.block_state('minecraft:cardinal_direction') == 'north'",
				"components": {"minecraft:transformation": {"rotation": [0,0,0]}}
			},
			{
				"condition": "q.block_state('minecraft:cardinal_direction') == 'south'",
				"components": {"minecraft:transformation": {"rotation": [0,180,0]}}
			},
			{
				"condition": "q.block_state('minecraft:cardinal_direction') == 'west'",
				"components": {"minecraft:transformation": {"rotation": [0,90,0]}}
			},
			{
				"condition": "q.block_state('minecraft:cardinal_direction') == 'east'",
				"components": {"minecraft:transformation": {"rotation": [0,270,0]}}
			}
		]
	}
}