{
	"format_version": "1.16.0",
	"minecraft:entity": {
		"description": {
			"identifier": "poke:demonic_allay",
			"is_spawnable": true,
			"is_summonable": true,
			"is_experimental": false
		},
		"components": {
			"minecraft:scale": {
				"value": 1
			},
			"minecraft:is_hidden_when_invisible": {},
			"minecraft:experience_reward": {
				"on_death": "query.last_hit_by_player?5+(query.equipment_count*math.random(1,3)):0"
			},
			"minecraft:nameable": {},
			"minecraft:type_family": {
				"family": [
					"vex",
					"monster",
					"mob",
					"pfe:demonic_allay"
				]
			},
			"minecraft:equipment": {
				"table": "loot_tables/poke/entities/demonic_allay.json"
			},
			"minecraft:health": {
				"value": 8,
				"max": 8
			},
			"minecraft:attack": {
				"damage": 2
			},
			"minecraft:collision_box": {
				"width": 0.8,
				"height": 0.8
			},
			"minecraft:movement": {
				"value": 1.25
			},
			"minecraft:flying_speed": {
				"value": 0.1
			},
			"minecraft:navigation.walk": {
				"can_path_over_water": true
			},
			"minecraft:movement.basic": {},
			"minecraft:damage_sensor": {
				"triggers": {
					"cause": "fall",
					"deals_damage": false
				}
			},
			"minecraft:jump.static": {},
			"minecraft:can_climb": {},
			"minecraft:fire_immune": {},
			"minecraft:despawn": {
				"despawn_from_distance": {},
				"despawn_from_simulation_edge": true
			},
			"minecraft:behavior.float": {
				"priority": 0
			},
			"minecraft:behavior.charge_attack": {
				"speed_multiplier": 2,
				"success_rate": 0.1428,
				"priority": 4
			},
			"minecraft:behavior.nearest_attackable_target": {
				"priority": 3,
				"entity_types": [
					{
						"filters": {
							"any_of": [
								{
									"test": "is_family",
									"subject": "other",
									"value": "irongolem"
								},
								{
									"test": "is_family",
									"subject": "other",
									"value": "player"
								}
							]
						},
						"max_dist": 70
					},
					{
						"filters": {
							"all_of": [
								{
									"test": "is_family",
									"subject": "other",
									"value": "villager"
								},
								{
									"test": "has_component",
									"subject": "other",
									"operator": "!=",
									"value": "minecraft:is_baby"
								}
							]
						},
						"max_dist": 70
					}
				],
				"must_see": true
			},
			"minecraft:breathable": {
				"breathes_solids": true,
				"breathes_air": true,
				"breathes_water": true,
				"breathes_lava": true
			},
			"minecraft:behavior.look_at_player": {
				"priority": 9,
				"look_distance": 6,
				"probability": 0.02
			},
			"minecraft:behavior.look_at_entity": {
				"priority": 9,
				"look_distance": 6,
				"probability": 0.02,
				"filters": {
					"test": "is_family",
					"subject": "other",
					"value": "mob"
				}
			},
			"minecraft:behavior.hurt_by_target": {
				"priority": 1
			},
			"minecraft:physics": {
				"has_gravity": false,
				"has_collision": true
			},
			"minecraft:conditional_bandwidth_optimization": {},
			"minecraft:game_event_movement_tracking": {
				"emit_move": false,
				"emit_swim": false
			}
		}
	}
}