{
	"format_version": "1.20.80",
	"minecraft:entity": {
		"description": {
			"identifier": "poke:sculk_enderman",
			"is_spawnable": true,
			"is_summonable": true,
			"is_experimental": false,
			"runtime_identifier": "minecraft:enderman"
		},
		"component_groups": {
			"minecraft:sculk_enderman_calm": {
				"minecraft:on_target_acquired": {
					"event": "minecraft:become_angry",
					"target": "self"
				},
				"minecraft:movement": {
					"value": 0.3
				}
			},
			"minecraft:sculk_enderman_angry": {
				"minecraft:angry": {
					"duration": 25,
					"calm_event": {
						"event": "minecraft:on_calm",
						"target": "self"
					}
				},
				"minecraft:movement": {
					"value": 0.45
				},
				"minecraft:behavior.melee_attack": {
					"priority": 2
				}
			},
			"timer":{
				"minecraft:timer": {
					"time": 1800,
					"looping": true,
					"time_down_event": {
						"event": "poke:despawn",
						"target": "self"
					}
				}
			},
			"despawn":{
				"minecraft:instant_despawn": {
					"remove_child_entities": false
				}
			}
		},
		"components": {
			"minecraft:experience_reward": {
				"on_death": "query.last_hit_by_player ? 5 : 0"
			},
			"minecraft:type_family": {
				"family": ["enderman", "monster", "mob"]
			},
			"minecraft:breathable": {
				"total_supply": 15,
				"suffocate_time": 0
			},
			"minecraft:nameable": {
				"name_actions":{
					"name_filter": "despawn",
					"on_named": {
						"event": "poke:despawn",
						"target": "self"
					}
				},
				"default_trigger": {
					"target": "self",
					"event": "poke:renamed"
				}
			},
			"minecraft:loot": {
				"table": "loot_tables/poke/entities/sculk_enderman.json"
			},
			"minecraft:health": {
				"value": 40,
				"max": 40
			},
			"minecraft:hurt_on_condition": {
				"damage_conditions": [
					{
						"filters": {
							"test": "in_lava",
							"subject": "self",
							"operator": "==",
							"value": true
						},
						"cause": "lava",
						"damage_per_tick": 4
					},
					{
						"filters": {
							"test": "in_water_or_rain",
							"operator": "==",
							"value": true
						},
						"cause": "drowning",
						"damage_per_tick": 1
					}
				]
			},
			"minecraft:attack": {
				"damage": 7
			},
			"minecraft:follow_range": {
				"value": 32,
				"max": 32
			},
			"minecraft:collision_box": {
				"width": 0.6,
				"height": 2.9
			},
			"minecraft:teleport": {
				"random_teleports": true,
				"max_random_teleport_time": 60,
				"random_teleport_cube": [32, 32, 32],
				"target_distance": 16,
				"target_teleport_chance": 0.025,
				"light_teleport_chance": 0.025
			},
			"minecraft:lookat": {
				"search_radius": 64,
				"set_target": true,
				"look_cooldown": 5,
				"filters": {
					"all_of": [
						{
							"subject": "other",
							"test": "is_family",
							"value": "player"
						},
						{
							"test": "has_equipment",
							"domain": "head",
							"subject": "other",
							"operator": "not",
							"value": "carved_pumpkin"
						}
					]
				}
			},
			"minecraft:despawn": {
				"despawn_from_distance": {},
				"despawn_from_inactivity": true,
				"despawn_from_chance": true
			},
			"minecraft:behavior.nearest_attackable_target": {
				"priority": 5,
				"must_see": true,
				"attack_interval": 10,
				"entity_types": [
					{
						"filters": {
							"test": "is_family",
							"subject": "other",
							"value": "endermite"
						},
						"max_dist": 64
					}
				]
			},
			"minecraft:navigation.walk": {
				"can_path_over_water": false,
				"avoid_water": true
			},
			"minecraft:movement.basic": {},
			"minecraft:jump.static": {},
			"minecraft:can_climb": {},
			"minecraft:behavior.float": {
				"priority": 0
			},
			"minecraft:behavior.random_stroll": {
				"priority": 7,
				"speed_multiplier": 1
			},
			"minecraft:behavior.look_at_player": {
				"priority": 8,
				"look_distance": 8,
				"probability": 8
			},
			"minecraft:behavior.random_look_around": {
				"priority": 8
			},
			"minecraft:behavior.hurt_by_target": {
				"priority": 3
			},
			"minecraft:behavior.enderman_leave_block": {
				"priority": 10
			},
			"minecraft:behavior.enderman_take_block": {
				"priority": 11
			},
			"minecraft:physics": {},
			"minecraft:pushable": {
				"is_pushable": true,
				"is_pushable_by_piston": true
			},
			"minecraft:conditional_bandwidth_optimization": {
				"default_values": {
					"max_optimized_distance": 80,
					"max_dropped_ticks": 10,
					"use_motion_prediction_hints": true
				}
			},
			"minecraft:reflect_projectiles": {
				"reflected_projectiles": [
				"xp_bottle",
				"thrown_trident",
				"shulker_bullet",
				"dragon_fireball",
				"arrow",
				"snowball",
				"egg",
				"fireball",
				"splash_potion",
				"ender_pearl",
				"wither_skull",
				"wither_skull_dangerous",
				"small_fireball",
				"lingering_potion",
				"llama_spit",
				"fireworks_rocket",
				"fishing_hook"
				],
				"azimuth_angle": "180.0 + Math.random(-20.0, 20.0)",
				"reflection_scale": "0.5"
			}
		},
		"events": {
			"minecraft:entity_spawned": {
				"remove": {},
				"add": {
					"component_groups": ["minecraft:sculk_enderman_calm","timer"]
				}
			},
			"minecraft:become_angry": {
				"remove": {
					"component_groups": ["minecraft:sculk_enderman_calm"]
				},
				"add": {
					"component_groups": ["minecraft:sculk_enderman_angry"]
				}
			},
			"minecraft:on_calm": {
				"remove": {
					"component_groups": ["minecraft:sculk_enderman_angry"]
				},
				"add": {
					"component_groups": ["minecraft:sculk_enderman_calm"]
				}
			},
			"poke:despawn":{
				"add": {
					"component_groups": ["despawn"]
				}
			},
			"poke:renamed":{
				"remove": {
					"component_groups": [
						"timer"
					]
				}
			}
		}
	}
}