{
	"format_version": "1.20.80",
	"minecraft:item": {
		"description": {
			"identifier": "poke:ember_robe_helmet",
			"menu_category": {
				"category": "equipment",
				"group": "itemGroup.name.helmet"
			}
		},
		"components": {
			"minecraft:max_stack_size": 1,
			"minecraft:enchantable": {
				"value": 90,
				"slot": "armor_head"
			},
			"minecraft:durability": {
				"max_durability": 1650,
				"damage_chance": {
					"min": 60,
					"max": 100
				}
			},
			"minecraft:icon": { 
			  "textures": { 
				"default": "ember_robe_helmet" } 
			}, 
			"minecraft:wearable": {
				"slot": "slot.armor.head",
				"protection": 6
			},
			"minecraft:repairable": {
				"repair_items": [
					{
						"items": [
							"poke:repair_core"
						],
						"repair_amount": "query.max_durability"
					}
				]
			},
			"minecraft:tags": {
				"tags": [
					"minecraft:trimmable_armors",
					"minecraft:is_armor",
					"pfe:robe"
				]
			}
		}
	}
}