{
	"format_version": "1.20.80",
	"minecraft:item": {
		"description": {
			"identifier": "poke:crown_helmet",
			"menu_category": {
				"category": "equipment",
				"group": "itemGroup.name.helmet"
			}
		},
		"components": {
			"minecraft:max_stack_size": 1,
			"minecraft:enchantable": {
				"value": 9,
				"slot": "armor_head"
			},
			"minecraft:durability": {
				"max_durability": 1650,
				"damage_chance": {
					"min": 60,
					"max": 100
				}
			},
			"minecraft:icon":{
				"textures": {
					"default": "poke_crown_helmet"
				}
			},
			"minecraft:wearable": {
				"slot": "slot.armor.head",
				"protection": 2
			},
			"minecraft:repairable": {
				"repair_items": [
					{"items":["poke:repair_core"],"repair_amount": "query.max_durability"}
				]
			}
		}
	}
}