{
	"format_version": "1.20.80",
	"minecraft:block": {
		"description": {
			"identifier": "poke:barometer",
			"menu_category": {
				"category": "items"
			},
			"states": {
				"pfe:weather":[0,1,2]
			}
		},
		"components": {
			"minecraft:destructible_by_mining": {
				"seconds_to_destroy": 1
			},
			"minecraft:destructible_by_explosion": {
				"explosion_resistance": 30
			},
			"tag:pfe": {},
			"minecraft:map_color": "#7a5a0f",
			"minecraft:tick": {"interval_range":[60,60]},
			"minecraft:custom_components":[
				"poke:cc_barometer"
			]
		}
	}
}