{
	"format_version": "1.20.80",
	"minecraft:block": {
		"description": {
			"identifier": "poke:block_breaker_north",
			"menu_category": {"category": "items"}
		},
		"components": {
			"minecraft:destructible_by_mining": {"seconds_to_destroy": 1},
			"minecraft:destructible_by_explosion": {"explosion_resistance": 30},
			"tag:pfe": {},
			"minecraft:map_color": "#764f36",
			"minecraft:tick": {"interval_range": [10,10]},
			"minecraft:custom_components":[
				"poke:cc_calibrate",
				"poke:cc_cblock_breaker"
			]
		}
	}
}