{
	"format_version": "1.20.50",
	"minecraft:entity": {
		"description": {
			"identifier": "poke:boss_event",
			"is_spawnable": false,
			"is_summonable": true,
			"is_experimental": false,
			"runtime_identifier": "minecraft:snowball"
		},
		"components":{
			"minecraft:timer": {
				"time": 1,
				"looping": true,
				"time_down_event": {
					"event": "poke:die",
					"target": "self"
				}
			}
		},
		"events": {
			"minecraft:entity_spawned": {
				"randomize": [
					{
						"queue_command":{"command":["function poke/boss_event_zombken","kill @s"]},
						"weight": 90
					},
					{
						"queue_command":{"command":["function poke/boss_event_knightling","kill @s"]},
						"weight": 5
					},
					{
						"queue_command":{"command":["function poke/boss_event_snowman","kill @s"]},
						"weight": 5
					},
					{
						"queue_command":{"command":["function poke/boss_event_mini_demonic_allay","kill @s"]},
						"weight": 5
					},
					{
						"queue_command":{"command":["function poke/boss_event_necromancer","kill @s"]},
						"weight": 1
					}
				]
			},
			"poke:die":{"queue_command": {"command":["kill @s"]}}
		}
	}
}