{
  "format_version": "1.20.80",
  "minecraft:item": {
    "description": {
      "identifier": "poke:godly_battleaxe",
      "menu_category": {
        "category": "equipment",
        "group": "itemGroup.name.sword"
      }
    },
    "components": {
      "minecraft:icon":"poke_goldy_battleaxe",
      "minecraft:max_stack_size": 1,
      "minecraft:hand_equipped": true,
      "minecraft:durability": {
        "max_durability": 4750,"damage_chance": {"max": 100,"min": 60}
      },
      "minecraft:damage": 17,
      "minecraft:enchantable": {
        "value": 27,
        "slot": "sword"
      },
      "minecraft:can_destroy_in_creative": false,
      "minecraft:repairable": {
        "repair_items": [
          {
            "items": [
              "poke:repair_core"
            ],
            "repair_amount": "query.max_durability"
          },
          {
            "items": [
              "poke:godly_ingot"
            ],
            "repair_amount": 500
          },
          {
            "items": [
              "poke:godly_nugget"
            ],
            "repair_amount": 56
          }
        ]
      },
      "minecraft:cooldown": {
        "category": "poke:axe_use",
        "duration": 3
      },
			"minecraft:tags": {"tags": [
				"function pfe_items/battleaxe/godly"
			]},
			"minecraft:custom_components": [
				"poke:cc_on_use"
			]
    }
  }
}