{
	"format_version": "1.20.80",
	"minecraft:item": {
		"description": {
			"identifier": "poke:carved_melon_helmet",
			"menu_category": {
				"category": "equipment",
				"group": "itemGroup.name.helmet"
			}
		},
		"components": {
			"minecraft:max_stack_size": 1,
			"minecraft:icon":{
				"textures": {
					"default": "poke_carved_melon_helmet"
				}
			},
			"minecraft:wearable": {
				"slot": "slot.armor.head"
			},
			"minecraft:block_placer": {
				"block": "poke:carved_melon"
			}
		}
	}
}