{
	"format_version": "1.20.60",
	"minecraft:item": {
		"description": {
			"identifier": "poke:stone_chestplate",
			"menu_category": {
				"category": "equipment",
				"group": "itemGroup.name.chestplate"
			}
		},
		"components": {
			"minecraft:max_stack_size": 1,
			"minecraft:enchantable": {
				"value": 9,
				"slot": "armor_torso"
			},
			"minecraft:durability": {
				"max_durability": 203,
				"damage_chance": {
					"min": 60,
					"max": 100
				}
			},
			"minecraft:icon": { "textures": {"default": "stone_chestplate" }}, 
			"minecraft:wearable": {
				"slot": "slot.armor.chest",
				"protection": 4
			},
			"minecraft:repairable": {
				"repair_items": [ 					{ 						"items": [ 							"poke:repair_core" 						], 						"repair_amount": "query.max_durability" 					},
					{
						"items": [
							"minecraft:cobblestone"
						],
						"repair_amount": "query.max_durability*0.25"
					},
					{
						"items": [
							"poke:stone_chestplate"
						],
						"repair_amount": "context.other->query.remaining_durability+0.12*context.other->query.max_durability"
					}
				]
			},
			"minecraft:tags": { 
			  "tags": [ 
				"minecraft:is_armor", 
				"minecraft:trimmable_armors" 
			  ] 
			} 
		  } 
		} 
	  }