{
	"format_version": "1.20.60",
	"minecraft:item": {
		"description": {
			"identifier": "poke:nebula_leggings",
			"menu_category": {
				"category": "equipment",
				"group": "itemGroup.name.leggings"
			}
		},
		"components": {
			"minecraft:max_stack_size": 1,
			"minecraft:enchantable": {
				"value": 100,
				"slot": "armor_legs"
			},
			"minecraft:durability": {
				"max_durability": 22500,
				"damage_chance": {
					"min": 60,
					"max": 100
				}
			},
			"minecraft:icon": { 
				"textures": { 
				  "default": "nebula_leggings" } 
			  }, 
			"minecraft:wearable": {
				"slot": "slot.armor.legs",
				"protection": 41
			},
			"minecraft:knockback_resistance": {
				"protection": 5
			},
			"minecraft:repairable": {
				"repair_items": [
					{
						"items": [
							"poke:repair_core"
						],
						"repair_amount": "query.max_durability"
					},
					{
						"items": [
							"poke:nebula_ingot"
						],
						"repair_amount": "query.max_durability*0.25"
					},
					{
						"items": [
							"poke:nebula_leggings"
						],
						"repair_amount": "context.other->query.remaining_durability+0.12*context.other->query.max_durability"
					}
				]
			}, 
			"minecraft:tags": { 
			  "tags": [ 
				"minecraft:is_armor", 
				"minecraft:trimmable_armors" 
			  ] 
			} 
		  } 
		} 
	  }