{
	"format_version": "1.20.80",
	"minecraft:entity": {
		"description": {
			"identifier": "poke:hellish_arrow",
			"is_spawnable": false,
			"is_summonable": true,
			"is_experimental": false,
			"runtime_identifier": "arrow"
		},
		"components": {
			"minecraft:collision_box": {
				"width": 0.25,
				"height": 0.25
			},
			"minecraft:projectile": {
				"catch_fire": true,
				"gravity": 0.05,
				"crit_particle_on_hurt": true,
				"hit_sound": "bow.hit",
				"inertia": 0.995,
				"shoot_sound": "random.bow",
				"power": 5.0,
				"is_dangerous": true,
				"on_hit": {
					"impact_damage": {
						"damage": 15,
						"knockback": true,
						"semi_random_diff_damage": true,
						"destroy_on_hit": true,
						"max_critical_damage": 20,
						"min_critical_damage": 15,
						"power_multiplier": 0.97,
						"catch_fire": true
					},
					"stick_in_ground": {
						"shake_time" : 0.35
					},
					"arrow_effect": {
						"apply_effect_to_blocking_targets":  false
					},
					"mob_effect": {
						"effect": "wither",
						"duration": 10,
						"amplifier": 3,
						"visible": false
					}
				},
				"stop_on_hurt": true,
				"potion_effect": 20,
				"particle": "iconcrack",
				"destroy_on_hurt": true,
				"uncertainty_base": 1,
				"uncertainty_multiplier": 0,
				"anchor": 1,
				"should_bounce": true,
				"offset": [ 0, -0.1, 0 ]
			},
			"minecraft:physics": {},
			"minecraft:pushable": {
				"is_pushable": false,
				"is_pushable_by_piston": true
			},
			"minecraft:loot": {
				"table": "loot_tables/poke/arrow/hellish_arrow.json"
			}
		}
	}
}