{
	"format_version": "1.20.80",
	"minecraft:entity": {
		"description": {
			"identifier": "poke:nuke_ring_projectile",
			"is_spawnable": false,
			"is_summonable": true,
			"is_experimental": false,
			"runtime_identifier": "snowball"
		},
		"components": {
			"minecraft:collision_box": {
				"width": 0,
				"height": 0
			},
			"minecraft:projectile": {
				"gravity": 0.005,
				"crit_particle_on_hurt": true,
				"hit_ground_sound": "random.bowhit",
				"hit_sound": "random.orb",
				"inertia": 0.99,
				"shoot_sound": "random.bow",
				"shoot_target": true,
				"should_bounce": true,
				"power": 10,
				"anchor": 1,
				"is_dangerous": true,
				"destroy_on_hurt": true,
				"uncertainty_multiplier": 0,
				"uncertainty_base": 0,
				"on_hit": {
					"spawn_chance": {
						"first_spawn_count": 2,
						"spawn_definition": "tnt",
						"first_spawn_chance": 1
					},
					"impact_damage": {"damage": 12},
					"remove_on_hit":{}
				},
				"particle": "iconcrack"
			},
			"minecraft:physics": {
				"has_collision": true,
				"has_gravity": true
			},
			"minecraft:health": {
				"max": 1
			},
			"minecraft:pushable": {
				"is_pushable": true,
				"is_pushable_by_piston": true
			},
			"minecraft:conditional_bandwidth_optimization": {
			  "default_values": {
				"max_optimized_distance": 80.0,
				"max_dropped_ticks": 7,
				"use_motion_prediction_hints": true
			  }
			}
		}
	}
}