{
  "format_version": "1.20.80",
  "minecraft:entity": {
    "description": {
      "identifier": "poke:shade_ring_proj",
      "is_spawnable": false,
      "is_summonable": true,
      "is_experimental": false,
      "runtime_identifier": "minecraft:ender_pearl"
    },
    "components": {
      "minecraft:collision_box": {
        "width": 0.25,
        "height": 0.25
      },
      "minecraft:projectile": {
        "on_hit": {
          "teleport_owner": true,
          "remove_on_hit": { }
        },
        "anchor": 1,
        "power": 4,
        "shoot_sound":"throw",
        "hit_ground_sound": "mob.endermen.portal",
        "gravity": 0.005,
        "angle_offset": 0.0,
        "inertia": 1,
        "liquid_inertia": 1
      },
	    "minecraft:physics": {
      },
      "minecraft:pushable": {
        "is_pushable": true,
        "is_pushable_by_piston": true
      },
      "minecraft:conditional_bandwidth_optimization": {
        "default_values": {
          "max_optimized_distance": 80.0,
          "max_dropped_ticks": 7,
          "use_motion_prediction_hints": true
        }
      }
    }
  }
}
