{
	"format_version": "1.20.60",
	"minecraft:item": {
		"description": {
			"identifier": "poke:amethyst_chestplate",
			"menu_category": {
				"category": "equipment",
				"group": "itemGroup.name.chestplate"
			}
		},
		"components": {
			"minecraft:max_stack_size": 1,
			"minecraft:enchantable": {
				"value": 50,
				"slot": "armor_torso"
			},
			"minecraft:durability": {
				"max_durability": 3200,
				"damage_chance": {
					"min": 60,
					"max": 100
				}
			},
			"minecraft:icon": { 
			  "textures": { 
				"default": "amethyst_chestplate" } 
			}, 
			"minecraft:wearable": {
				"slot": "slot.armor.chest",
				"protection": 9
			},
			"minecraft:repairable": {
				"repair_items": [
					{
						"items": [
							"poke:repair_core"
						],
						"repair_amount": "query.max_durability"
					},
					{
						"items": [
							"amethyst_shard"
						],
						"repair_amount": "query.max_durability*0.25"
					}
				]
			},
			"minecraft:tags": {
				"tags": [
					"minecraft:trimmable_armors",
					"minecraft:is_armor"
				]
			}
		}
	}
}