{
	"format_version": "1.20.80",
	"minecraft:item": {
		"description": {
			"identifier": "poke:amethyst_boots",
			"menu_category": {
				"category": "equipment",
				"group": "itemGroup.name.boots"
			}
		},
		"components": { 
			"minecraft:max_stack_size": 1, 
			"minecraft:icon": { 
			  "textures": { 
				"default": "amethyst_boots" } 
			}, 
			"minecraft:wearable": { 
			  "protection": 5, 
			  "slot": "slot.armor.feet" 
			}, 
			"minecraft:durability": { 
			  "damage_chance": { 
				"min": 10, 
				"max": 50 
			}, 
			  "max_durability": 3200
			}, 
			"minecraft:enchantable": {
				"value": 50,
				"slot": "armor_feet"
			},
			"minecraft:repairable": { 
			  "repair_items": [ 
				{
					"items": [
						"poke:repair_core"
					],
					"repair_amount": "query.max_durability"
				},
				{
					"items": [
						"amethyst_shard"
					],
					"repair_amount": "query.max_durability*0.25"
				}
			  ] 
			}, 
			"minecraft:tags": { 
			  "tags": [ 
				"minecraft:is_armor", 
				"minecraft:trimmable_armors" 
			  ] 
			} 
		  } 
		} 
	  }